"user_id,""sb0"",""sb1"",""sb2"",""sb3"",""sb4"",""sb5"",""sb6"",""sb7"",""sb8"",""sb9"",""ms"",""regularf"",""final"",""certificate"",""gradepf"",""milestone"",""step"""
"4830,2013-10-18,2014-02-16 13:31:00,2014-02-15 19:38:01,2014-03-06 19:30:02,2014-02-19 18:07:03,NA,NA,NA,NA,2014-02-15 19:37:08,5,0,0,0,0,1,1"
"4830,2013-10-18,2014-02-16 13:31:00,2014-02-15 19:38:01,2014-03-06 19:30:02,2014-02-19 18:07:03,NA,NA,NA,NA,2014-02-15 19:37:08,5,0,0,0,0,3,3"
"4830,2013-10-18,2014-02-16 13:31:00,2014-02-15 19:38:01,2014-03-06 19:30:02,2014-02-19 18:07:03,NA,NA,NA,NA,2014-02-15 19:37:08,5,0,0,0,0,10,2"
"5255,2014-07-11,2014-11-21 00:56:00,2014-11-21 00:55:01,NA,NA,NA,NA,NA,NA,2014-11-17 06:01:08,3,0,0,0,0,1,1"
"5255,2014-07-11,2014-11-21 00:56:00,2014-11-21 00:55:01,NA,NA,NA,NA,NA,NA,2014-11-17 06:01:08,3,0,0,0,0,3,3"
"5255,2014-07-11,2014-11-21 00:56:00,2014-11-21 00:55:01,NA,NA,NA,NA,NA,NA,2014-11-17 06:01:08,3,0,0,0,0,10,2"
"5729,2013-04-22,NA,2014-10-24 19:14:01,NA,NA,NA,NA,NA,NA,2014-09-18 00:53:08,2,0,0,0,0,1,1"
"5729,2013-04-22,NA,2014-10-24 19:14:01,NA,NA,NA,NA,NA,NA,2014-09-18 00:53:08,2,0,0,0,0,3,3"
"5729,2013-04-22,NA,2014-10-24 19:14:01,NA,NA,NA,NA,NA,NA,2014-09-18 00:53:08,2,0,0,0,0,10,2"
"7072,2013-11-22,2014-09-25 20:37:00,2014-11-28 17:19:01,NA,NA,NA,NA,NA,NA,2014-09-13 22:37:08,3,0,0,0,0,1,1"
"7072,2013-11-22,2014-09-25 20:37:00,2014-11-28 17:19:01,NA,NA,NA,NA,NA,NA,2014-09-13 22:37:08,3,0,0,0,0,2,3"
"7072,2013-11-22,2014-09-25 20:37:00,2014-11-28 17:19:01,NA,NA,NA,NA,NA,NA,2014-09-13 22:37:08,3,0,0,0,0,10,2"
"21764,2013-03-29,2014-06-03 18:49:00,2014-06-06 13:51:01,2014-08-23 13:56:02,2014-06-10 18:02:03,2014-06-16 22:32:04,2014-06-20 14:52:05,2014-06-27 10:38:06,2014-07-09 22:31:07,2014-06-03 14:30:08,9,9,1,1,1,1,1"
"21764,2013-03-29,2014-06-03 18:49:00,2014-06-06 13:51:01,2014-08-23 13:56:02,2014-06-10 18:02:03,2014-06-16 22:32:04,2014-06-20 14:52:05,2014-06-27 10:38:06,2014-07-09 22:31:07,2014-06-03 14:30:08,9,9,1,1,1,2,3"
"21764,2013-03-29,2014-06-03 18:49:00,2014-06-06 13:51:01,2014-08-23 13:56:02,2014-06-10 18:02:03,2014-06-16 22:32:04,2014-06-20 14:52:05,2014-06-27 10:38:06,2014-07-09 22:31:07,2014-06-03 14:30:08,9,9,1,1,1,10,2"
"22193,2013-08-31,2014-01-26 14:04:00,NA,NA,NA,NA,NA,NA,NA,2014-01-26 14:00:08,2,0,0,0,0,1,1"
"22193,2013-08-31,2014-01-26 14:04:00,NA,NA,NA,NA,NA,NA,NA,2014-01-26 14:00:08,2,0,0,0,0,2,3"
"22193,2013-08-31,2014-01-26 14:04:00,NA,NA,NA,NA,NA,NA,NA,2014-01-26 14:00:08,2,0,0,0,0,10,2"
"31534,2013-11-21,2014-04-26 17:29:00,NA,NA,NA,NA,NA,NA,NA,2014-04-26 17:28:08,2,0,0,0,0,1,1"
"31534,2013-11-21,2014-04-26 17:29:00,NA,NA,NA,NA,NA,NA,NA,2014-04-26 17:28:08,2,0,0,0,0,2,3"
"31534,2013-11-21,2014-04-26 17:29:00,NA,NA,NA,NA,NA,NA,NA,2014-04-26 17:28:08,2,0,0,0,0,10,2"
"42754,2013-06-20,2014-11-26 21:12:00,2014-12-03 22:52:01,NA,NA,NA,NA,NA,NA,2014-11-26 21:07:08,3,0,0,0,0,1,1"
"42754,2013-06-20,2014-11-26 21:12:00,2014-12-03 22:52:01,NA,NA,NA,NA,NA,NA,2014-11-26 21:07:08,3,0,0,0,0,2,3"
"42754,2013-06-20,2014-11-26 21:12:00,2014-12-03 22:52:01,NA,NA,NA,NA,NA,NA,2014-11-26 21:07:08,3,0,0,0,0,10,2"
"45572,2014-06-21,NA,NA,NA,NA,NA,NA,NA,NA,2014-10-11 15:45:08,1,0,0,0,0,1,1"
"45572,2014-06-21,NA,NA,NA,NA,NA,NA,NA,NA,2014-10-11 15:45:08,1,0,0,0,0,10,2"
"48858,2014-08-06,2014-11-19 14:21:00,2014-11-21 17:24:01,2014-11-26 16:18:02,2014-12-04 16:58:03,2014-12-08 20:51:04,2014-12-19 16:03:05,NA,NA,2014-11-18 18:45:08,7,0,0,0,0,1,1"
"48858,2014-08-06,2014-11-19 14:21:00,2014-11-21 17:24:01,2014-11-26 16:18:02,2014-12-04 16:58:03,2014-12-08 20:51:04,2014-12-19 16:03:05,NA,NA,2014-11-18 18:45:08,7,0,0,0,0,2,3"
"48858,2014-08-06,2014-11-19 14:21:00,2014-11-21 17:24:01,2014-11-26 16:18:02,2014-12-04 16:58:03,2014-12-08 20:51:04,2014-12-19 16:03:05,NA,NA,2014-11-18 18:45:08,7,0,0,0,0,10,2"
"61729,2013-06-05,2014-02-14 01:23:00,2014-08-10 18:53:01,2014-09-18 21:28:02,2014-10-24 04:47:03,NA,NA,NA,NA,2014-02-14 01:11:08,5,0,0,0,0,1,1"
"61729,2013-06-05,2014-02-14 01:23:00,2014-08-10 18:53:01,2014-09-18 21:28:02,2014-10-24 04:47:03,NA,NA,NA,NA,2014-02-14 01:11:08,5,0,0,0,0,2,3"
"61729,2013-06-05,2014-02-14 01:23:00,2014-08-10 18:53:01,2014-09-18 21:28:02,2014-10-24 04:47:03,NA,NA,NA,NA,2014-02-14 01:11:08,5,0,0,0,0,10,2"
"83613,2014-08-23,NA,NA,NA,NA,NA,NA,NA,NA,2014-12-19 02:46:08,1,0,0,0,0,1,1"
"83613,2014-08-23,NA,NA,NA,NA,NA,NA,NA,NA,2014-12-19 02:46:08,1,0,0,0,0,10,2"
"85583,2013-12-12,2014-03-31 10:33:00,NA,NA,NA,NA,NA,NA,NA,2014-03-31 10:30:08,2,0,0,0,0,1,1"
"85583,2013-12-12,2014-03-31 10:33:00,NA,NA,NA,NA,NA,NA,NA,2014-03-31 10:30:08,2,0,0,0,0,2,3"
"85583,2013-12-12,2014-03-31 10:33:00,NA,NA,NA,NA,NA,NA,NA,2014-03-31 10:30:08,2,0,0,0,0,10,2"
"123767,2014-05-18,2014-09-10 22:12:00,2014-09-17 00:43:01,2014-09-21 14:50:02,2014-10-06 12:29:03,2014-10-23 16:08:04,2014-11-16 18:20:05,2014-12-08 18:18:06,2014-12-14 18:46:07,2014-09-08 00:48:08,9,9,0,0,0,1,1"
"123767,2014-05-18,2014-09-10 22:12:00,2014-09-17 00:43:01,2014-09-21 14:50:02,2014-10-06 12:29:03,2014-10-23 16:08:04,2014-11-16 18:20:05,2014-12-08 18:18:06,2014-12-14 18:46:07,2014-09-08 00:48:08,9,9,0,0,0,2,3"
"123767,2014-05-18,2014-09-10 22:12:00,2014-09-17 00:43:01,2014-09-21 14:50:02,2014-10-06 12:29:03,2014-10-23 16:08:04,2014-11-16 18:20:05,2014-12-08 18:18:06,2014-12-14 18:46:07,2014-09-08 00:48:08,9,9,0,0,0,10,2"
"125341,2013-10-14,2014-08-09 11:47:00,NA,NA,NA,NA,NA,NA,NA,2014-08-09 11:45:08,2,0,0,0,0,1,1"
"125341,2013-10-14,2014-08-09 11:47:00,NA,NA,NA,NA,NA,NA,NA,2014-08-09 11:45:08,2,0,0,0,0,2,3"
"125341,2013-10-14,2014-08-09 11:47:00,NA,NA,NA,NA,NA,NA,NA,2014-08-09 11:45:08,2,0,0,0,0,10,2"
"125823,2013-07-29,2014-03-22 16:40:00,2014-02-17 18:23:01,NA,NA,NA,NA,NA,NA,2014-04-14 17:00:08,3,0,0,0,0,1,1"
"125823,2013-07-29,2014-03-22 16:40:00,2014-02-17 18:23:01,NA,NA,NA,NA,NA,NA,2014-04-14 17:00:08,3,0,0,0,0,2,3"
"125823,2013-07-29,2014-03-22 16:40:00,2014-02-17 18:23:01,NA,NA,NA,NA,NA,NA,2014-04-14 17:00:08,3,0,0,0,0,3,2"
"136717,2013-08-31,2014-11-25 07:22:00,2014-11-27 03:18:01,2014-11-28 16:17:02,2014-11-29 04:13:03,2014-11-30 20:08:04,2014-12-02 01:07:05,2014-12-06 15:46:06,2014-12-06 21:36:07,2014-11-25 06:35:08,9,9,1,1,1,1,1"
"136717,2013-08-31,2014-11-25 07:22:00,2014-11-27 03:18:01,2014-11-28 16:17:02,2014-11-29 04:13:03,2014-11-30 20:08:04,2014-12-02 01:07:05,2014-12-06 15:46:06,2014-12-06 21:36:07,2014-11-25 06:35:08,9,9,1,1,1,2,3"
"136717,2013-08-31,2014-11-25 07:22:00,2014-11-27 03:18:01,2014-11-28 16:17:02,2014-11-29 04:13:03,2014-11-30 20:08:04,2014-12-02 01:07:05,2014-12-06 15:46:06,2014-12-06 21:36:07,2014-11-25 06:35:08,9,9,1,1,1,10,2"
"143737,2013-07-16,NA,2014-07-25 03:16:01,2014-09-03 05:26:02,NA,NA,NA,NA,NA,2014-07-10 01:41:08,3,0,0,0,0,1,1"
"143737,2013-07-16,NA,2014-07-25 03:16:01,2014-09-03 05:26:02,NA,NA,NA,NA,NA,2014-07-10 01:41:08,3,0,0,0,0,3,3"
"143737,2013-07-16,NA,2014-07-25 03:16:01,2014-09-03 05:26:02,NA,NA,NA,NA,NA,2014-07-10 01:41:08,3,0,0,0,0,10,2"
"146175,2013-08-22,2014-02-05 19:27:00,2014-02-05 19:26:01,NA,NA,NA,NA,NA,NA,2014-01-21 21:01:08,3,0,0,0,0,1,1"
"146175,2013-08-22,2014-02-05 19:27:00,2014-02-05 19:26:01,NA,NA,NA,NA,NA,NA,2014-01-21 21:01:08,3,0,0,0,0,3,3"
"146175,2013-08-22,2014-02-05 19:27:00,2014-02-05 19:26:01,NA,NA,NA,NA,NA,NA,2014-01-21 21:01:08,3,0,0,0,0,10,2"
"153539,2013-08-14,2014-06-25 06:40:00,NA,NA,NA,NA,NA,NA,NA,2014-06-04 04:47:08,2,0,0,0,0,1,1"
"153539,2013-08-14,2014-06-25 06:40:00,NA,NA,NA,NA,NA,NA,NA,2014-06-04 04:47:08,2,0,0,0,0,2,3"
"153539,2013-08-14,2014-06-25 06:40:00,NA,NA,NA,NA,NA,NA,NA,2014-06-04 04:47:08,2,0,0,0,0,10,2"
"162750,2013-06-10,NA,NA,NA,NA,NA,NA,NA,NA,2014-12-01 12:10:08,1,0,0,0,0,1,1"
"162750,2013-06-10,NA,NA,NA,NA,NA,NA,NA,NA,2014-12-01 12:10:08,1,0,0,0,0,10,2"
"168389,2013-09-26,2014-04-09 16:08:00,2014-04-19 15:25:01,2014-04-26 16:10:02,2014-05-02 17:07:03,2014-05-14 18:29:04,2014-05-23 08:40:05,NA,NA,2014-04-19 15:16:08,7,0,0,0,0,1,1"
"168389,2013-09-26,2014-04-09 16:08:00,2014-04-19 15:25:01,2014-04-26 16:10:02,2014-05-02 17:07:03,2014-05-14 18:29:04,2014-05-23 08:40:05,NA,NA,2014-04-19 15:16:08,7,0,0,0,0,2,2"
"168389,2013-09-26,2014-04-09 16:08:00,2014-04-19 15:25:01,2014-04-26 16:10:02,2014-05-02 17:07:03,2014-05-14 18:29:04,2014-05-23 08:40:05,NA,NA,2014-04-19 15:16:08,7,0,0,0,0,10,3"
"176921,2014-03-03,NA,NA,NA,NA,NA,NA,NA,NA,2014-07-06 18:30:08,1,0,0,0,0,1,1"
"176921,2014-03-03,NA,NA,NA,NA,NA,NA,NA,NA,2014-07-06 18:30:08,1,0,0,0,0,10,2"
"180610,2013-10-23,2014-02-19 01:32:00,2014-04-09 21:54:01,NA,NA,NA,NA,NA,NA,2014-02-17 23:11:08,3,0,0,0,0,1,1"
"180610,2013-10-23,2014-02-19 01:32:00,2014-04-09 21:54:01,NA,NA,NA,NA,NA,NA,2014-02-17 23:11:08,3,0,0,0,0,2,3"
"180610,2013-10-23,2014-02-19 01:32:00,2014-04-09 21:54:01,NA,NA,NA,NA,NA,NA,2014-02-17 23:11:08,3,0,0,0,0,10,2"
"189077,2013-09-22,2014-05-22 07:05:00,2014-05-22 07:12:01,2014-05-22 14:27:02,2014-10-05 06:22:03,2014-10-05 07:54:04,2014-11-15 12:10:05,NA,NA,2014-05-22 06:43:08,7,0,0,0,0,1,1"
"189077,2013-09-22,2014-05-22 07:05:00,2014-05-22 07:12:01,2014-05-22 14:27:02,2014-10-05 06:22:03,2014-10-05 07:54:04,2014-11-15 12:10:05,NA,NA,2014-05-22 06:43:08,7,0,0,0,0,2,3"
"189077,2013-09-22,2014-05-22 07:05:00,2014-05-22 07:12:01,2014-05-22 14:27:02,2014-10-05 06:22:03,2014-10-05 07:54:04,2014-11-15 12:10:05,NA,NA,2014-05-22 06:43:08,7,0,0,0,0,10,2"
"189783,2013-10-20,2014-02-16 20:26:00,2014-03-12 22:00:01,NA,NA,NA,NA,NA,NA,2014-02-16 19:49:08,3,0,0,0,0,1,1"
"189783,2013-10-20,2014-02-16 20:26:00,2014-03-12 22:00:01,NA,NA,NA,NA,NA,NA,2014-02-16 19:49:08,3,0,0,0,0,2,3"
"189783,2013-10-20,2014-02-16 20:26:00,2014-03-12 22:00:01,NA,NA,NA,NA,NA,NA,2014-02-16 19:49:08,3,0,0,0,0,10,2"
"192516,2013-11-01,2014-02-20 07:36:00,2014-03-02 06:44:01,2014-03-24 18:55:02,NA,NA,NA,NA,NA,2014-02-16 06:12:08,4,0,0,0,0,1,1"
"192516,2013-11-01,2014-02-20 07:36:00,2014-03-02 06:44:01,2014-03-24 18:55:02,NA,NA,NA,NA,NA,2014-02-16 06:12:08,4,0,0,0,0,2,3"
"192516,2013-11-01,2014-02-20 07:36:00,2014-03-02 06:44:01,2014-03-24 18:55:02,NA,NA,NA,NA,NA,2014-02-16 06:12:08,4,0,0,0,0,10,2"
"197443,2014-06-16,NA,NA,NA,NA,NA,NA,NA,NA,2014-12-13 21:08:08,1,0,0,0,0,1,1"
"197443,2014-06-16,NA,NA,NA,NA,NA,NA,NA,NA,2014-12-13 21:08:08,1,0,0,0,0,10,2"
"207691,2013-07-16,NA,NA,NA,NA,NA,NA,NA,NA,2014-02-03 16:32:08,1,0,0,0,0,1,1"
"207691,2013-07-16,NA,NA,NA,NA,NA,NA,NA,NA,2014-02-03 16:32:08,1,0,0,0,0,10,2"
"208482,2014-01-07,2014-06-11 16:06:00,2014-05-02 07:54:01,NA,NA,NA,NA,NA,NA,2014-04-24 02:44:08,3,0,0,0,0,1,1"
"208482,2014-01-07,2014-06-11 16:06:00,2014-05-02 07:54:01,NA,NA,NA,NA,NA,NA,2014-04-24 02:44:08,3,0,0,0,0,3,3"
"208482,2014-01-07,2014-06-11 16:06:00,2014-05-02 07:54:01,NA,NA,NA,NA,NA,NA,2014-04-24 02:44:08,3,0,0,0,0,10,2"
"216350,2013-07-20,2014-05-06 05:27:00,NA,NA,NA,NA,NA,NA,NA,2014-05-06 05:23:08,2,0,0,0,0,1,1"
"216350,2013-07-20,2014-05-06 05:27:00,NA,NA,NA,NA,NA,NA,NA,2014-05-06 05:23:08,2,0,0,0,0,2,3"
"216350,2013-07-20,2014-05-06 05:27:00,NA,NA,NA,NA,NA,NA,NA,2014-05-06 05:23:08,2,0,0,0,0,10,2"
"223434,2013-12-02,2014-07-06 18:22:00,2014-11-09 18:41:01,NA,NA,NA,NA,NA,NA,2014-07-06 12:03:08,3,0,0,0,0,1,1"
"223434,2013-12-02,2014-07-06 18:22:00,2014-11-09 18:41:01,NA,NA,NA,NA,NA,NA,2014-07-06 12:03:08,3,0,0,0,0,2,3"
"223434,2013-12-02,2014-07-06 18:22:00,2014-11-09 18:41:01,NA,NA,NA,NA,NA,NA,2014-07-06 12:03:08,3,0,0,0,0,10,2"
"233239,2013-11-06,2014-02-21 01:26:00,NA,NA,NA,NA,NA,NA,NA,2014-02-21 01:21:08,2,0,0,0,0,1,1"
"233239,2013-11-06,2014-02-21 01:26:00,NA,NA,NA,NA,NA,NA,NA,2014-02-21 01:21:08,2,0,0,0,0,2,3"
"233239,2013-11-06,2014-02-21 01:26:00,NA,NA,NA,NA,NA,NA,NA,2014-02-21 01:21:08,2,0,0,0,0,10,2"
"251057,2014-01-12,2014-04-25 22:22:00,NA,NA,NA,NA,NA,NA,NA,2014-04-25 21:59:08,2,0,0,0,0,1,1"
"251057,2014-01-12,2014-04-25 22:22:00,NA,NA,NA,NA,NA,NA,NA,2014-04-25 21:59:08,2,0,0,0,0,2,3"
"251057,2014-01-12,2014-04-25 22:22:00,NA,NA,NA,NA,NA,NA,NA,2014-04-25 21:59:08,2,0,0,0,0,10,2"
"253513,2013-11-20,2014-07-11 03:44:00,2014-07-11 03:45:01,2014-08-07 04:15:02,2014-08-23 19:45:03,NA,NA,NA,NA,2014-06-28 19:20:08,5,0,0,0,0,1,1"
"253513,2013-11-20,2014-07-11 03:44:00,2014-07-11 03:45:01,2014-08-07 04:15:02,2014-08-23 19:45:03,NA,NA,NA,NA,2014-06-28 19:20:08,5,0,0,0,0,2,3"
"253513,2013-11-20,2014-07-11 03:44:00,2014-07-11 03:45:01,2014-08-07 04:15:02,2014-08-23 19:45:03,NA,NA,NA,NA,2014-06-28 19:20:08,5,0,0,0,0,10,2"
"255511,2014-03-28,NA,NA,NA,NA,NA,NA,NA,NA,2014-07-16 03:31:08,1,0,0,0,0,1,1"
"255511,2014-03-28,NA,NA,NA,NA,NA,NA,NA,NA,2014-07-16 03:31:08,1,0,0,0,0,10,2"
"261225,2013-08-07,NA,NA,NA,NA,NA,NA,NA,NA,2014-02-05 20:28:08,1,0,0,0,0,1,1"
"261225,2013-08-07,NA,NA,NA,NA,NA,NA,NA,NA,2014-02-05 20:28:08,1,0,0,0,0,10,2"
"265097,2014-04-19,2014-08-05 23:41:00,2014-08-09 08:02:01,2014-08-24 01:14:02,2014-08-31 03:33:03,NA,NA,NA,NA,2014-08-02 06:57:08,5,0,0,0,0,1,1"
"265097,2014-04-19,2014-08-05 23:41:00,2014-08-09 08:02:01,2014-08-24 01:14:02,2014-08-31 03:33:03,NA,NA,NA,NA,2014-08-02 06:57:08,5,0,0,0,0,2,3"
"265097,2014-04-19,2014-08-05 23:41:00,2014-08-09 08:02:01,2014-08-24 01:14:02,2014-08-31 03:33:03,NA,NA,NA,NA,2014-08-02 06:57:08,5,0,0,0,0,10,2"
"276905,2014-02-15,2014-09-26 22:16:00,NA,NA,NA,NA,NA,NA,NA,2014-09-22 05:13:08,2,0,0,0,0,1,1"
"276905,2014-02-15,2014-09-26 22:16:00,NA,NA,NA,NA,NA,NA,NA,2014-09-22 05:13:08,2,0,0,0,0,2,3"
"276905,2014-02-15,2014-09-26 22:16:00,NA,NA,NA,NA,NA,NA,NA,2014-09-22 05:13:08,2,0,0,0,0,10,2"
"277481,2013-09-10,2014-01-29 02:49:00,2014-01-29 02:52:01,NA,NA,NA,NA,NA,NA,2014-01-27 20:19:08,3,0,0,0,0,1,1"
"277481,2013-09-10,2014-01-29 02:49:00,2014-01-29 02:52:01,NA,NA,NA,NA,NA,NA,2014-01-27 20:19:08,3,0,0,0,0,2,3"
"277481,2013-09-10,2014-01-29 02:49:00,2014-01-29 02:52:01,NA,NA,NA,NA,NA,NA,2014-01-27 20:19:08,3,0,0,0,0,10,2"
"288223,2013-09-28,2014-02-07 15:10:00,2014-02-10 23:43:01,NA,NA,NA,NA,NA,NA,2014-02-05 15:23:08,3,0,0,0,0,1,1"
"288223,2013-09-28,2014-02-07 15:10:00,2014-02-10 23:43:01,NA,NA,NA,NA,NA,NA,2014-02-05 15:23:08,3,0,0,0,0,2,3"
"288223,2013-09-28,2014-02-07 15:10:00,2014-02-10 23:43:01,NA,NA,NA,NA,NA,NA,2014-02-05 15:23:08,3,0,0,0,0,10,2"
"296531,2013-10-20,2014-02-05 09:52:00,2014-02-06 11:45:01,2014-02-08 17:39:02,2014-02-14 05:15:03,2014-03-14 10:33:04,NA,NA,NA,2014-01-31 16:01:08,6,0,0,0,0,1,1"
"296531,2013-10-20,2014-02-05 09:52:00,2014-02-06 11:45:01,2014-02-08 17:39:02,2014-02-14 05:15:03,2014-03-14 10:33:04,NA,NA,NA,2014-01-31 16:01:08,6,0,0,0,0,2,3"
"296531,2013-10-20,2014-02-05 09:52:00,2014-02-06 11:45:01,2014-02-08 17:39:02,2014-02-14 05:15:03,2014-03-14 10:33:04,NA,NA,NA,2014-01-31 16:01:08,6,0,0,0,0,10,2"
"298704,2013-04-25,2014-02-03 03:42:00,NA,NA,NA,NA,NA,NA,NA,2014-02-02 19:33:08,2,0,0,0,0,1,1"
"298704,2013-04-25,2014-02-03 03:42:00,NA,NA,NA,NA,NA,NA,NA,2014-02-02 19:33:08,2,0,0,0,0,2,3"
"298704,2013-04-25,2014-02-03 03:42:00,NA,NA,NA,NA,NA,NA,NA,2014-02-02 19:33:08,2,0,0,0,0,10,2"
"301687,2013-05-13,NA,NA,NA,NA,NA,NA,NA,NA,2014-12-07 21:10:08,1,0,0,0,0,1,1"
"301687,2013-05-13,NA,NA,NA,NA,NA,NA,NA,NA,2014-12-07 21:10:08,1,0,0,0,0,10,2"
"302838,2013-08-04,2014-03-20 20:22:00,2014-03-26 20:29:01,2014-07-09 17:55:02,2014-06-09 17:47:03,2014-07-09 17:52:04,2014-08-04 16:56:05,2014-08-07 02:32:06,2014-08-11 19:21:07,2014-03-20 20:19:08,9,9,0,0,0,1,1"
"302838,2013-08-04,2014-03-20 20:22:00,2014-03-26 20:29:01,2014-07-09 17:55:02,2014-06-09 17:47:03,2014-07-09 17:52:04,2014-08-04 16:56:05,2014-08-07 02:32:06,2014-08-11 19:21:07,2014-03-20 20:19:08,9,9,0,0,0,2,3"
"302838,2013-08-04,2014-03-20 20:22:00,2014-03-26 20:29:01,2014-07-09 17:55:02,2014-06-09 17:47:03,2014-07-09 17:52:04,2014-08-04 16:56:05,2014-08-07 02:32:06,2014-08-11 19:21:07,2014-03-20 20:19:08,9,9,0,0,0,10,2"
"304712,2013-08-31,NA,NA,NA,NA,NA,NA,NA,NA,2014-04-17 01:24:08,1,0,0,0,0,1,1"
"304712,2013-08-31,NA,NA,NA,NA,NA,NA,NA,NA,2014-04-17 01:24:08,1,0,0,0,0,10,2"
"315028,2013-04-26,2014-10-21 13:08:00,2014-10-22 20:38:01,2014-10-30 13:44:02,2014-11-01 14:54:03,2014-11-08 20:34:04,2014-11-15 21:54:05,2014-12-07 14:03:06,NA,2014-10-21 13:01:08,8,0,0,0,0,1,1"
"315028,2013-04-26,2014-10-21 13:08:00,2014-10-22 20:38:01,2014-10-30 13:44:02,2014-11-01 14:54:03,2014-11-08 20:34:04,2014-11-15 21:54:05,2014-12-07 14:03:06,NA,2014-10-21 13:01:08,8,0,0,0,0,2,3"
"315028,2013-04-26,2014-10-21 13:08:00,2014-10-22 20:38:01,2014-10-30 13:44:02,2014-11-01 14:54:03,2014-11-08 20:34:04,2014-11-15 21:54:05,2014-12-07 14:03:06,NA,2014-10-21 13:01:08,8,0,0,0,0,10,2"
"323591,2013-10-09,NA,NA,NA,NA,NA,NA,NA,NA,2014-09-26 15:19:08,1,0,0,0,0,1,1"
"323591,2013-10-09,NA,NA,NA,NA,NA,NA,NA,NA,2014-09-26 15:19:08,1,0,0,0,0,10,2"
"351474,2013-10-18,2014-04-22 12:10:00,2014-04-24 03:34:01,NA,NA,NA,NA,NA,NA,2014-04-21 12:31:08,3,0,0,0,0,1,1"
"351474,2013-10-18,2014-04-22 12:10:00,2014-04-24 03:34:01,NA,NA,NA,NA,NA,NA,2014-04-21 12:31:08,3,0,0,0,0,2,3"
"351474,2013-10-18,2014-04-22 12:10:00,2014-04-24 03:34:01,NA,NA,NA,NA,NA,NA,2014-04-21 12:31:08,3,0,0,0,0,10,2"
"366086,2013-04-01,2014-05-21 21:17:00,2014-05-21 22:25:01,2014-05-27 00:26:02,2014-06-18 01:10:03,NA,NA,NA,NA,2014-05-21 22:23:08,5,0,0,0,0,1,1"
"366086,2013-04-01,2014-05-21 21:17:00,2014-05-21 22:25:01,2014-05-27 00:26:02,2014-06-18 01:10:03,NA,NA,NA,NA,2014-05-21 22:23:08,5,0,0,0,0,2,2"
"366086,2013-04-01,2014-05-21 21:17:00,2014-05-21 22:25:01,2014-05-27 00:26:02,2014-06-18 01:10:03,NA,NA,NA,NA,2014-05-21 22:23:08,5,0,0,0,0,10,3"
"367146,2014-02-15,NA,2014-07-11 05:55:01,NA,NA,NA,NA,NA,NA,2014-06-21 04:53:08,2,0,0,0,0,1,1"
"367146,2014-02-15,NA,2014-07-11 05:55:01,NA,NA,NA,NA,NA,NA,2014-06-21 04:53:08,2,0,0,0,0,3,3"
"367146,2014-02-15,NA,2014-07-11 05:55:01,NA,NA,NA,NA,NA,NA,2014-06-21 04:53:08,2,0,0,0,0,10,2"
"380662,2013-11-02,2014-02-18 07:28:00,2014-02-22 23:17:01,2014-03-02 15:39:02,2014-03-11 12:43:03,NA,NA,NA,NA,2014-02-18 07:25:08,5,0,0,0,0,1,1"
"380662,2013-11-02,2014-02-18 07:28:00,2014-02-22 23:17:01,2014-03-02 15:39:02,2014-03-11 12:43:03,NA,NA,NA,NA,2014-02-18 07:25:08,5,0,0,0,0,2,3"
"380662,2013-11-02,2014-02-18 07:28:00,2014-02-22 23:17:01,2014-03-02 15:39:02,2014-03-11 12:43:03,NA,NA,NA,NA,2014-02-18 07:25:08,5,0,0,0,0,10,2"
"387387,2014-08-01,NA,NA,NA,NA,NA,NA,NA,NA,2014-11-26 15:42:08,1,0,0,0,0,1,1"
"387387,2014-08-01,NA,NA,NA,NA,NA,NA,NA,NA,2014-11-26 15:42:08,1,0,0,0,0,10,2"
"388084,2013-05-25,2014-04-23 13:18:00,NA,NA,NA,NA,NA,NA,NA,2014-04-23 13:08:08,2,0,0,0,0,1,1"
"388084,2013-05-25,2014-04-23 13:18:00,NA,NA,NA,NA,NA,NA,NA,2014-04-23 13:08:08,2,0,0,0,0,2,3"
"388084,2013-05-25,2014-04-23 13:18:00,NA,NA,NA,NA,NA,NA,NA,2014-04-23 13:08:08,2,0,0,0,0,10,2"
"388295,2014-06-25,2014-10-12 18:52:00,2014-10-16 12:48:01,2014-10-17 10:38:02,NA,NA,NA,NA,NA,2014-10-12 18:43:08,4,0,0,0,0,1,1"
"388295,2014-06-25,2014-10-12 18:52:00,2014-10-16 12:48:01,2014-10-17 10:38:02,NA,NA,NA,NA,NA,2014-10-12 18:43:08,4,0,0,0,0,2,3"
"388295,2014-06-25,2014-10-12 18:52:00,2014-10-16 12:48:01,2014-10-17 10:38:02,NA,NA,NA,NA,NA,2014-10-12 18:43:08,4,0,0,0,0,10,2"
"407799,2013-04-03,2014-10-17 15:43:00,2014-12-08 10:55:01,2014-12-23 14:49:02,2014-12-24 05:55:03,2014-12-24 06:10:04,2014-12-31 21:21:05,2014-12-24 06:25:06,2014-12-24 06:29:07,2014-10-17 15:37:08,9,9,1,1,1,1,1"
"407799,2013-04-03,2014-10-17 15:43:00,2014-12-08 10:55:01,2014-12-23 14:49:02,2014-12-24 05:55:03,2014-12-24 06:10:04,2014-12-31 21:21:05,2014-12-24 06:25:06,2014-12-24 06:29:07,2014-10-17 15:37:08,9,9,1,1,1,2,3"
"407799,2013-04-03,2014-10-17 15:43:00,2014-12-08 10:55:01,2014-12-23 14:49:02,2014-12-24 05:55:03,2014-12-24 06:10:04,2014-12-31 21:21:05,2014-12-24 06:25:06,2014-12-24 06:29:07,2014-10-17 15:37:08,9,9,1,1,1,10,2"
"432056,2013-05-22,2014-03-18 07:10:00,2014-03-19 05:36:01,2014-05-16 05:30:02,2014-07-03 05:52:03,2014-11-07 06:48:04,2014-12-17 12:09:05,2014-12-03 08:02:06,2014-12-26 16:46:07,2014-03-18 07:05:08,9,9,1,1,1,1,1"
"432056,2013-05-22,2014-03-18 07:10:00,2014-03-19 05:36:01,2014-05-16 05:30:02,2014-07-03 05:52:03,2014-11-07 06:48:04,2014-12-17 12:09:05,2014-12-03 08:02:06,2014-12-26 16:46:07,2014-03-18 07:05:08,9,9,1,1,1,2,3"
"432056,2013-05-22,2014-03-18 07:10:00,2014-03-19 05:36:01,2014-05-16 05:30:02,2014-07-03 05:52:03,2014-11-07 06:48:04,2014-12-17 12:09:05,2014-12-03 08:02:06,2014-12-26 16:46:07,2014-03-18 07:05:08,9,9,1,1,1,10,2"
"437007,2013-10-21,2014-09-04 09:35:00,2014-09-30 15:22:01,NA,NA,NA,NA,NA,NA,2014-08-25 13:45:08,3,0,0,0,0,1,1"
"437007,2013-10-21,2014-09-04 09:35:00,2014-09-30 15:22:01,NA,NA,NA,NA,NA,NA,2014-08-25 13:45:08,3,0,0,0,0,2,3"
"437007,2013-10-21,2014-09-04 09:35:00,2014-09-30 15:22:01,NA,NA,NA,NA,NA,NA,2014-08-25 13:45:08,3,0,0,0,0,10,2"
"485549,2013-08-28,NA,NA,NA,NA,NA,NA,NA,NA,2014-08-21 17:35:08,1,0,0,0,0,1,1"
"485549,2013-08-28,NA,NA,NA,NA,NA,NA,NA,NA,2014-08-21 17:35:08,1,0,0,0,0,10,2"
"486731,2014-05-21,NA,NA,NA,NA,NA,NA,NA,NA,2014-10-24 11:27:08,1,0,0,0,0,1,1"
"486731,2014-05-21,NA,NA,NA,NA,NA,NA,NA,NA,2014-10-24 11:27:08,1,0,0,0,0,10,2"
"511455,2013-09-23,NA,NA,NA,NA,NA,NA,NA,NA,2014-02-09 16:50:08,1,0,0,0,0,1,1"
"511455,2013-09-23,NA,NA,NA,NA,NA,NA,NA,NA,2014-02-09 16:50:08,1,0,0,0,0,10,2"
"512872,2013-05-11,2014-03-20 10:41:00,2014-03-22 11:20:01,2014-04-20 18:04:02,2014-05-31 10:36:03,NA,NA,NA,NA,2014-03-22 08:15:08,5,0,0,0,0,1,1"
"512872,2013-05-11,2014-03-20 10:41:00,2014-03-22 11:20:01,2014-04-20 18:04:02,2014-05-31 10:36:03,NA,NA,NA,NA,2014-03-22 08:15:08,5,0,0,0,0,2,2"
"512872,2013-05-11,2014-03-20 10:41:00,2014-03-22 11:20:01,2014-04-20 18:04:02,2014-05-31 10:36:03,NA,NA,NA,NA,2014-03-22 08:15:08,5,0,0,0,0,10,3"
"530688,2013-03-27,2014-07-02 12:26:00,2014-07-02 12:30:01,NA,NA,NA,NA,NA,NA,2014-07-02 08:51:08,3,0,0,0,0,1,1"
"530688,2013-03-27,2014-07-02 12:26:00,2014-07-02 12:30:01,NA,NA,NA,NA,NA,NA,2014-07-02 08:51:08,3,0,0,0,0,2,3"
"530688,2013-03-27,2014-07-02 12:26:00,2014-07-02 12:30:01,NA,NA,NA,NA,NA,NA,2014-07-02 08:51:08,3,0,0,0,0,10,2"
"532090,2013-09-22,NA,NA,NA,NA,NA,NA,NA,NA,2014-08-25 22:28:08,1,0,0,0,0,1,1"
"532090,2013-09-22,NA,NA,NA,NA,NA,NA,NA,NA,2014-08-25 22:28:08,1,0,0,0,0,10,2"
"534743,2014-01-08,2014-06-12 04:17:00,2014-06-12 04:15:01,2014-06-21 03:07:02,2014-07-01 10:54:03,2014-09-29 16:38:04,NA,NA,NA,2014-06-09 02:34:08,6,0,0,0,0,1,1"
"534743,2014-01-08,2014-06-12 04:17:00,2014-06-12 04:15:01,2014-06-21 03:07:02,2014-07-01 10:54:03,2014-09-29 16:38:04,NA,NA,NA,2014-06-09 02:34:08,6,0,0,0,0,3,3"
"534743,2014-01-08,2014-06-12 04:17:00,2014-06-12 04:15:01,2014-06-21 03:07:02,2014-07-01 10:54:03,2014-09-29 16:38:04,NA,NA,NA,2014-06-09 02:34:08,6,0,0,0,0,10,2"
"558756,2013-10-02,NA,NA,NA,NA,NA,NA,NA,NA,2014-02-02 01:02:08,1,0,0,0,0,1,1"
"558756,2013-10-02,NA,NA,NA,NA,NA,NA,NA,NA,2014-02-02 01:02:08,1,0,0,0,0,10,2"
"564944,2013-09-22,2014-02-14 05:29:00,2014-02-14 05:26:01,NA,NA,NA,NA,NA,NA,2014-01-27 00:15:08,3,0,0,0,0,1,1"
"564944,2013-09-22,2014-02-14 05:29:00,2014-02-14 05:26:01,NA,NA,NA,NA,NA,NA,2014-01-27 00:15:08,3,0,0,0,0,3,3"
"564944,2013-09-22,2014-02-14 05:29:00,2014-02-14 05:26:01,NA,NA,NA,NA,NA,NA,2014-01-27 00:15:08,3,0,0,0,0,10,2"
"574965,2014-07-26,2014-12-07 12:36:00,2014-12-07 12:16:01,2014-12-12 12:05:02,2014-12-13 15:47:03,NA,NA,NA,NA,2014-11-20 16:22:08,5,0,0,0,0,1,1"
"574965,2014-07-26,2014-12-07 12:36:00,2014-12-07 12:16:01,2014-12-12 12:05:02,2014-12-13 15:47:03,NA,NA,NA,NA,2014-11-20 16:22:08,5,0,0,0,0,3,3"
"574965,2014-07-26,2014-12-07 12:36:00,2014-12-07 12:16:01,2014-12-12 12:05:02,2014-12-13 15:47:03,NA,NA,NA,NA,2014-11-20 16:22:08,5,0,0,0,0,10,2"
"578316,2013-04-05,2014-11-29 14:57:00,2014-11-29 13:37:01,2014-11-30 14:36:02,2014-11-29 14:37:03,2014-11-30 21:08:04,2014-12-18 13:01:05,2014-11-30 21:15:06,2014-12-01 16:11:07,2014-11-28 21:29:08,9,9,1,1,1,1,1"
"578316,2013-04-05,2014-11-29 14:57:00,2014-11-29 13:37:01,2014-11-30 14:36:02,2014-11-29 14:37:03,2014-11-30 21:08:04,2014-12-18 13:01:05,2014-11-30 21:15:06,2014-12-01 16:11:07,2014-11-28 21:29:08,9,9,1,1,1,3,3"
"578316,2013-04-05,2014-11-29 14:57:00,2014-11-29 13:37:01,2014-11-30 14:36:02,2014-11-29 14:37:03,2014-11-30 21:08:04,2014-12-18 13:01:05,2014-11-30 21:15:06,2014-12-01 16:11:07,2014-11-28 21:29:08,9,9,1,1,1,10,2"
"581265,2013-10-30,2014-07-05 19:29:00,2014-07-12 04:52:01,2014-07-13 17:18:02,2014-07-13 17:31:03,2014-09-26 03:01:04,2014-09-26 03:03:05,2014-09-26 03:04:06,NA,2014-03-08 07:58:08,8,0,1,1,1,1,1"
"581265,2013-10-30,2014-07-05 19:29:00,2014-07-12 04:52:01,2014-07-13 17:18:02,2014-07-13 17:31:03,2014-09-26 03:01:04,2014-09-26 03:03:05,2014-09-26 03:04:06,NA,2014-03-08 07:58:08,8,0,1,1,1,2,3"
"581265,2013-10-30,2014-07-05 19:29:00,2014-07-12 04:52:01,2014-07-13 17:18:02,2014-07-13 17:31:03,2014-09-26 03:01:04,2014-09-26 03:03:05,2014-09-26 03:04:06,NA,2014-03-08 07:58:08,8,0,1,1,1,10,2"
"581398,2013-08-24,NA,NA,NA,NA,NA,NA,NA,NA,2014-09-22 15:14:08,1,0,0,0,0,1,1"
"581398,2013-08-24,NA,NA,NA,NA,NA,NA,NA,NA,2014-09-22 15:14:08,1,0,0,0,0,10,2"
"585073,2013-09-25,2014-07-04 14:31:00,NA,NA,NA,NA,NA,NA,NA,2014-01-26 16:13:08,2,0,0,0,0,1,1"
"585073,2013-09-25,2014-07-04 14:31:00,NA,NA,NA,NA,NA,NA,NA,2014-01-26 16:13:08,2,0,0,0,0,2,3"
"585073,2013-09-25,2014-07-04 14:31:00,NA,NA,NA,NA,NA,NA,NA,2014-01-26 16:13:08,2,0,0,0,0,10,2"
"608977,2013-04-05,2014-02-11 19:04:00,NA,NA,NA,NA,NA,NA,NA,2014-01-26 22:39:08,2,0,0,0,0,1,1"
"608977,2013-04-05,2014-02-11 19:04:00,NA,NA,NA,NA,NA,NA,NA,2014-01-26 22:39:08,2,0,0,0,0,2,3"
"608977,2013-04-05,2014-02-11 19:04:00,NA,NA,NA,NA,NA,NA,NA,2014-01-26 22:39:08,2,0,0,0,0,10,2"
"612681,2013-03-26,2014-02-18 19:43:00,NA,NA,NA,NA,NA,NA,NA,2014-02-18 19:42:08,2,0,0,0,0,1,1"
"612681,2013-03-26,2014-02-18 19:43:00,NA,NA,NA,NA,NA,NA,NA,2014-02-18 19:42:08,2,0,0,0,0,2,3"
"612681,2013-03-26,2014-02-18 19:43:00,NA,NA,NA,NA,NA,NA,NA,2014-02-18 19:42:08,2,0,0,0,0,10,2"
"625443,2013-09-28,NA,NA,NA,NA,NA,NA,NA,NA,2014-10-28 23:38:08,1,0,0,0,0,1,1"
"625443,2013-09-28,NA,NA,NA,NA,NA,NA,NA,NA,2014-10-28 23:38:08,1,0,0,0,0,10,2"
"634402,2013-11-06,2014-03-25 21:18:00,NA,NA,NA,NA,NA,NA,NA,2014-03-25 20:55:08,2,0,0,0,0,1,1"
"634402,2013-11-06,2014-03-25 21:18:00,NA,NA,NA,NA,NA,NA,NA,2014-03-25 20:55:08,2,0,0,0,0,2,3"
"634402,2013-11-06,2014-03-25 21:18:00,NA,NA,NA,NA,NA,NA,NA,2014-03-25 20:55:08,2,0,0,0,0,10,2"
"636096,2013-10-25,2014-02-14 18:46:00,2014-02-14 21:18:01,2014-03-14 17:06:02,2014-03-21 20:51:03,2014-04-10 13:56:04,2014-04-17 16:04:05,2014-05-01 15:04:06,2014-05-09 18:33:07,2014-02-09 20:49:08,9,9,0,0,0,1,1"
"636096,2013-10-25,2014-02-14 18:46:00,2014-02-14 21:18:01,2014-03-14 17:06:02,2014-03-21 20:51:03,2014-04-10 13:56:04,2014-04-17 16:04:05,2014-05-01 15:04:06,2014-05-09 18:33:07,2014-02-09 20:49:08,9,9,0,0,0,2,3"
"636096,2013-10-25,2014-02-14 18:46:00,2014-02-14 21:18:01,2014-03-14 17:06:02,2014-03-21 20:51:03,2014-04-10 13:56:04,2014-04-17 16:04:05,2014-05-01 15:04:06,2014-05-09 18:33:07,2014-02-09 20:49:08,9,9,0,0,0,10,2"
"657142,2013-10-14,NA,NA,NA,NA,NA,NA,NA,NA,2014-01-27 16:48:08,1,0,0,0,0,1,1"
"657142,2013-10-14,NA,NA,NA,NA,NA,NA,NA,NA,2014-01-27 16:48:08,1,0,0,0,0,10,2"
"669773,2013-11-17,2014-03-02 21:32:00,2014-02-28 15:54:01,2014-03-02 21:04:02,2014-03-06 11:33:03,2014-03-12 17:12:04,2014-05-12 15:11:05,2014-03-19 15:46:06,2014-04-26 18:21:07,2014-02-28 15:51:08,9,9,1,1,1,1,1"
"669773,2013-11-17,2014-03-02 21:32:00,2014-02-28 15:54:01,2014-03-02 21:04:02,2014-03-06 11:33:03,2014-03-12 17:12:04,2014-05-12 15:11:05,2014-03-19 15:46:06,2014-04-26 18:21:07,2014-02-28 15:51:08,9,9,1,1,1,3,3"
"669773,2013-11-17,2014-03-02 21:32:00,2014-02-28 15:54:01,2014-03-02 21:04:02,2014-03-06 11:33:03,2014-03-12 17:12:04,2014-05-12 15:11:05,2014-03-19 15:46:06,2014-04-26 18:21:07,2014-02-28 15:51:08,9,9,1,1,1,10,2"
"672582,2013-07-07,2014-09-21 15:56:00,2014-09-29 00:46:01,2014-10-08 23:30:02,NA,NA,NA,NA,NA,2014-09-29 00:40:08,4,0,0,0,0,1,1"
"672582,2013-07-07,2014-09-21 15:56:00,2014-09-29 00:46:01,2014-10-08 23:30:02,NA,NA,NA,NA,NA,2014-09-29 00:40:08,4,0,0,0,0,2,2"
"672582,2013-07-07,2014-09-21 15:56:00,2014-09-29 00:46:01,2014-10-08 23:30:02,NA,NA,NA,NA,NA,2014-09-29 00:40:08,4,0,0,0,0,10,3"
"680975,2013-11-25,2014-05-04 18:53:00,2014-07-20 17:26:01,2014-08-13 09:44:02,NA,NA,NA,NA,NA,2014-08-13 09:40:08,4,0,0,0,0,1,1"
"680975,2013-11-25,2014-05-04 18:53:00,2014-07-20 17:26:01,2014-08-13 09:44:02,NA,NA,NA,NA,NA,2014-08-13 09:40:08,4,0,0,0,0,2,2"
"680975,2013-11-25,2014-05-04 18:53:00,2014-07-20 17:26:01,2014-08-13 09:44:02,NA,NA,NA,NA,NA,2014-08-13 09:40:08,4,0,0,0,0,3,3"
"694654,2013-09-23,2014-04-02 20:49:00,NA,NA,NA,NA,NA,NA,NA,2014-04-02 20:48:08,2,0,0,0,0,1,1"
"694654,2013-09-23,2014-04-02 20:49:00,NA,NA,NA,NA,NA,NA,NA,2014-04-02 20:48:08,2,0,0,0,0,2,3"
"694654,2013-09-23,2014-04-02 20:49:00,NA,NA,NA,NA,NA,NA,NA,2014-04-02 20:48:08,2,0,0,0,0,10,2"
"702978,2013-03-27,2014-07-19 22:12:00,2014-07-19 22:03:01,NA,NA,NA,NA,NA,NA,2014-07-19 22:01:08,3,0,0,0,0,1,1"
"702978,2013-03-27,2014-07-19 22:12:00,2014-07-19 22:03:01,NA,NA,NA,NA,NA,NA,2014-07-19 22:01:08,3,0,0,0,0,3,3"
"702978,2013-03-27,2014-07-19 22:12:00,2014-07-19 22:03:01,NA,NA,NA,NA,NA,NA,2014-07-19 22:01:08,3,0,0,0,0,10,2"
"731891,2013-09-28,2014-03-08 14:35:00,2014-03-08 14:02:01,2014-11-12 14:15:02,2014-08-28 14:36:03,2014-12-19 18:33:04,2014-12-05 18:37:05,2014-09-11 19:02:06,NA,2014-02-01 21:28:08,8,0,1,1,1,1,1"
"731891,2013-09-28,2014-03-08 14:35:00,2014-03-08 14:02:01,2014-11-12 14:15:02,2014-08-28 14:36:03,2014-12-19 18:33:04,2014-12-05 18:37:05,2014-09-11 19:02:06,NA,2014-02-01 21:28:08,8,0,1,1,1,3,3"
"731891,2013-09-28,2014-03-08 14:35:00,2014-03-08 14:02:01,2014-11-12 14:15:02,2014-08-28 14:36:03,2014-12-19 18:33:04,2014-12-05 18:37:05,2014-09-11 19:02:06,NA,2014-02-01 21:28:08,8,0,1,1,1,10,2"
"734938,2013-08-04,2014-02-05 20:35:00,NA,NA,NA,NA,NA,NA,NA,2014-02-05 20:08:08,2,0,0,0,0,1,1"
"734938,2013-08-04,2014-02-05 20:35:00,NA,NA,NA,NA,NA,NA,NA,2014-02-05 20:08:08,2,0,0,0,0,2,3"
"734938,2013-08-04,2014-02-05 20:35:00,NA,NA,NA,NA,NA,NA,NA,2014-02-05 20:08:08,2,0,0,0,0,10,2"
"742827,2013-09-22,2014-05-08 23:41:00,2014-05-08 23:38:01,2014-05-11 02:12:02,2014-05-13 01:33:03,2014-05-15 19:08:04,2014-05-20 00:36:05,NA,NA,2014-05-07 13:46:08,7,0,0,0,0,1,1"
"742827,2013-09-22,2014-05-08 23:41:00,2014-05-08 23:38:01,2014-05-11 02:12:02,2014-05-13 01:33:03,2014-05-15 19:08:04,2014-05-20 00:36:05,NA,NA,2014-05-07 13:46:08,7,0,0,0,0,3,3"
"742827,2013-09-22,2014-05-08 23:41:00,2014-05-08 23:38:01,2014-05-11 02:12:02,2014-05-13 01:33:03,2014-05-15 19:08:04,2014-05-20 00:36:05,NA,NA,2014-05-07 13:46:08,7,0,0,0,0,10,2"
"745975,2013-08-27,2014-01-29 01:02:00,NA,NA,NA,NA,NA,NA,NA,2014-01-28 17:33:08,2,0,0,0,0,1,1"
"745975,2013-08-27,2014-01-29 01:02:00,NA,NA,NA,NA,NA,NA,NA,2014-01-28 17:33:08,2,0,0,0,0,2,3"
"745975,2013-08-27,2014-01-29 01:02:00,NA,NA,NA,NA,NA,NA,NA,2014-01-28 17:33:08,2,0,0,0,0,10,2"
"761584,2013-09-03,2014-07-23 23:24:00,2014-07-24 15:33:01,NA,NA,NA,NA,NA,NA,2014-07-23 23:21:08,3,0,0,0,0,1,1"
"761584,2013-09-03,2014-07-23 23:24:00,2014-07-24 15:33:01,NA,NA,NA,NA,NA,NA,2014-07-23 23:21:08,3,0,0,0,0,2,3"
"761584,2013-09-03,2014-07-23 23:24:00,2014-07-24 15:33:01,NA,NA,NA,NA,NA,NA,2014-07-23 23:21:08,3,0,0,0,0,10,2"
"767510,2013-07-28,NA,NA,NA,NA,NA,NA,NA,NA,2014-02-16 19:54:08,1,0,0,0,0,1,1"
"767510,2013-07-28,NA,NA,NA,NA,NA,NA,NA,NA,2014-02-16 19:54:08,1,0,0,0,0,10,2"
"780435,2013-11-09,2014-08-04 02:45:00,2014-08-04 03:11:01,NA,NA,NA,NA,NA,NA,2014-03-22 10:12:08,3,0,0,0,0,1,1"
"780435,2013-11-09,2014-08-04 02:45:00,2014-08-04 03:11:01,NA,NA,NA,NA,NA,NA,2014-03-22 10:12:08,3,0,0,0,0,2,3"
"780435,2013-11-09,2014-08-04 02:45:00,2014-08-04 03:11:01,NA,NA,NA,NA,NA,NA,2014-03-22 10:12:08,3,0,0,0,0,10,2"
"788732,2014-08-11,2014-12-08 12:56:00,2014-12-08 12:57:01,NA,NA,NA,NA,NA,NA,2014-11-24 07:24:08,3,0,0,0,0,1,1"
"788732,2014-08-11,2014-12-08 12:56:00,2014-12-08 12:57:01,NA,NA,NA,NA,NA,NA,2014-11-24 07:24:08,3,0,0,0,0,2,3"
"788732,2014-08-11,2014-12-08 12:56:00,2014-12-08 12:57:01,NA,NA,NA,NA,NA,NA,2014-11-24 07:24:08,3,0,0,0,0,10,2"
"793948,2013-08-23,2014-01-31 13:47:00,2014-01-31 13:49:01,2014-03-09 00:37:02,NA,NA,NA,NA,NA,2014-01-31 03:17:08,4,0,0,0,0,1,1"
"793948,2013-08-23,2014-01-31 13:47:00,2014-01-31 13:49:01,2014-03-09 00:37:02,NA,NA,NA,NA,NA,2014-01-31 03:17:08,4,0,0,0,0,2,3"
"793948,2013-08-23,2014-01-31 13:47:00,2014-01-31 13:49:01,2014-03-09 00:37:02,NA,NA,NA,NA,NA,2014-01-31 03:17:08,4,0,0,0,0,10,2"
"806787,2013-05-19,NA,NA,NA,NA,NA,NA,NA,NA,2014-10-23 23:55:08,1,0,0,0,0,1,1"
"806787,2013-05-19,NA,NA,NA,NA,NA,NA,NA,NA,2014-10-23 23:55:08,1,0,0,0,0,10,2"
"811647,2013-05-14,2014-11-10 00:07:00,NA,NA,NA,NA,NA,NA,NA,2014-11-09 23:09:08,2,0,0,0,0,1,1"
"811647,2013-05-14,2014-11-10 00:07:00,NA,NA,NA,NA,NA,NA,NA,2014-11-09 23:09:08,2,0,0,0,0,2,3"
"811647,2013-05-14,2014-11-10 00:07:00,NA,NA,NA,NA,NA,NA,NA,2014-11-09 23:09:08,2,0,0,0,0,10,2"
"814565,2013-09-23,2014-02-26 06:09:00,NA,NA,NA,NA,NA,NA,NA,2014-02-20 05:53:08,2,0,0,0,0,1,1"
"814565,2013-09-23,2014-02-26 06:09:00,NA,NA,NA,NA,NA,NA,NA,2014-02-20 05:53:08,2,0,0,0,0,2,3"
"814565,2013-09-23,2014-02-26 06:09:00,NA,NA,NA,NA,NA,NA,NA,2014-02-20 05:53:08,2,0,0,0,0,10,2"
"818863,2013-08-08,2014-01-24 03:31:00,NA,NA,NA,NA,NA,NA,NA,2014-01-23 01:01:08,2,0,0,0,0,1,1"
"818863,2013-08-08,2014-01-24 03:31:00,NA,NA,NA,NA,NA,NA,NA,2014-01-23 01:01:08,2,0,0,0,0,2,3"
"818863,2013-08-08,2014-01-24 03:31:00,NA,NA,NA,NA,NA,NA,NA,2014-01-23 01:01:08,2,0,0,0,0,10,2"
"819114,2014-01-30,2014-05-31 12:00:00,2014-05-27 00:14:01,2014-07-07 03:43:02,2014-06-07 23:55:03,2014-06-21 22:26:04,2014-07-05 03:41:05,2014-07-07 03:33:06,NA,2014-05-15 12:00:08,8,0,0,0,0,1,1"
"819114,2014-01-30,2014-05-31 12:00:00,2014-05-27 00:14:01,2014-07-07 03:43:02,2014-06-07 23:55:03,2014-06-21 22:26:04,2014-07-05 03:41:05,2014-07-07 03:33:06,NA,2014-05-15 12:00:08,8,0,0,0,0,3,3"
"819114,2014-01-30,2014-05-31 12:00:00,2014-05-27 00:14:01,2014-07-07 03:43:02,2014-06-07 23:55:03,2014-06-21 22:26:04,2014-07-05 03:41:05,2014-07-07 03:33:06,NA,2014-05-15 12:00:08,8,0,0,0,0,10,2"
"827759,2013-04-09,NA,2014-03-30 09:39:01,2014-04-02 19:49:02,NA,NA,NA,NA,NA,2014-01-26 22:59:08,3,0,0,0,0,1,1"
"827759,2013-04-09,NA,2014-03-30 09:39:01,2014-04-02 19:49:02,NA,NA,NA,NA,NA,2014-01-26 22:59:08,3,0,0,0,0,3,3"
"827759,2013-04-09,NA,2014-03-30 09:39:01,2014-04-02 19:49:02,NA,NA,NA,NA,NA,2014-01-26 22:59:08,3,0,0,0,0,10,2"
"836526,2014-03-07,2014-09-20 12:13:00,NA,NA,NA,NA,NA,NA,NA,2014-09-20 12:04:08,2,0,0,0,0,1,1"
"836526,2014-03-07,2014-09-20 12:13:00,NA,NA,NA,NA,NA,NA,NA,2014-09-20 12:04:08,2,0,0,0,0,2,3"
"836526,2014-03-07,2014-09-20 12:13:00,NA,NA,NA,NA,NA,NA,NA,2014-09-20 12:04:08,2,0,0,0,0,10,2"
"838962,2013-04-12,2014-05-01 13:51:00,NA,NA,NA,NA,NA,NA,NA,2014-05-01 13:39:08,2,0,0,0,0,1,1"
"838962,2013-04-12,2014-05-01 13:51:00,NA,NA,NA,NA,NA,NA,NA,2014-05-01 13:39:08,2,0,0,0,0,2,3"
"838962,2013-04-12,2014-05-01 13:51:00,NA,NA,NA,NA,NA,NA,NA,2014-05-01 13:39:08,2,0,0,0,0,10,2"
"849606,2014-05-20,2014-10-28 06:08:00,2014-10-24 07:57:01,NA,NA,NA,NA,NA,NA,2014-10-12 08:14:08,3,0,0,0,0,1,1"
"849606,2014-05-20,2014-10-28 06:08:00,2014-10-24 07:57:01,NA,NA,NA,NA,NA,NA,2014-10-12 08:14:08,3,0,0,0,0,3,3"
"849606,2014-05-20,2014-10-28 06:08:00,2014-10-24 07:57:01,NA,NA,NA,NA,NA,NA,2014-10-12 08:14:08,3,0,0,0,0,10,2"
"871544,2013-10-19,NA,NA,NA,NA,NA,NA,NA,NA,2014-07-08 14:12:08,1,0,0,0,0,1,1"
"871544,2013-10-19,NA,NA,NA,NA,NA,NA,NA,NA,2014-07-08 14:12:08,1,0,0,0,0,10,2"
"879900,2014-06-08,NA,2014-09-18 05:57:01,NA,NA,NA,NA,NA,NA,2014-09-17 19:19:08,2,0,0,0,0,1,1"
"879900,2014-06-08,NA,2014-09-18 05:57:01,NA,NA,NA,NA,NA,NA,2014-09-17 19:19:08,2,0,0,0,0,3,3"
"879900,2014-06-08,NA,2014-09-18 05:57:01,NA,NA,NA,NA,NA,NA,2014-09-17 19:19:08,2,0,0,0,0,10,2"
"885450,2014-01-08,2014-04-27 16:05:00,2014-05-21 18:17:01,2014-05-31 15:17:02,2014-05-31 15:42:03,NA,NA,NA,NA,2014-04-27 16:02:08,5,0,0,0,0,1,1"
"885450,2014-01-08,2014-04-27 16:05:00,2014-05-21 18:17:01,2014-05-31 15:17:02,2014-05-31 15:42:03,NA,NA,NA,NA,2014-04-27 16:02:08,5,0,0,0,0,2,3"
"885450,2014-01-08,2014-04-27 16:05:00,2014-05-21 18:17:01,2014-05-31 15:17:02,2014-05-31 15:42:03,NA,NA,NA,NA,2014-04-27 16:02:08,5,0,0,0,0,10,2"
"894513,2013-05-22,2014-08-11 00:00:00,2014-08-11 00:01:01,2014-08-11 00:02:02,2014-08-10 23:58:03,2014-09-10 20:27:04,2014-09-24 13:01:05,2014-10-06 18:03:06,2014-11-02 10:49:07,2014-08-08 15:44:08,9,9,1,1,1,1,1"
"894513,2013-05-22,2014-08-11 00:00:00,2014-08-11 00:01:01,2014-08-11 00:02:02,2014-08-10 23:58:03,2014-09-10 20:27:04,2014-09-24 13:01:05,2014-10-06 18:03:06,2014-11-02 10:49:07,2014-08-08 15:44:08,9,9,1,1,1,5,3"
"894513,2013-05-22,2014-08-11 00:00:00,2014-08-11 00:01:01,2014-08-11 00:02:02,2014-08-10 23:58:03,2014-09-10 20:27:04,2014-09-24 13:01:05,2014-10-06 18:03:06,2014-11-02 10:49:07,2014-08-08 15:44:08,9,9,1,1,1,10,2"
"903183,2013-04-24,2014-02-11 04:04:00,NA,NA,NA,NA,NA,NA,NA,2014-02-11 03:48:08,2,0,0,0,0,1,1"
"903183,2013-04-24,2014-02-11 04:04:00,NA,NA,NA,NA,NA,NA,NA,2014-02-11 03:48:08,2,0,0,0,0,2,3"
"903183,2013-04-24,2014-02-11 04:04:00,NA,NA,NA,NA,NA,NA,NA,2014-02-11 03:48:08,2,0,0,0,0,10,2"
"903572,2013-09-05,NA,NA,NA,NA,NA,NA,NA,NA,2014-01-26 07:05:08,1,0,0,0,0,1,1"
"903572,2013-09-05,NA,NA,NA,NA,NA,NA,NA,NA,2014-01-26 07:05:08,1,0,0,0,0,10,2"
"924032,2013-05-21,2014-10-16 10:29:00,NA,NA,NA,NA,NA,NA,NA,2014-10-16 10:23:08,2,0,0,0,0,1,1"
"924032,2013-05-21,2014-10-16 10:29:00,NA,NA,NA,NA,NA,NA,NA,2014-10-16 10:23:08,2,0,0,0,0,2,3"
"924032,2013-05-21,2014-10-16 10:29:00,NA,NA,NA,NA,NA,NA,NA,2014-10-16 10:23:08,2,0,0,0,0,10,2"
"949534,2013-09-24,2014-06-21 15:10:00,2014-06-23 15:53:01,2014-07-10 08:32:02,2014-07-01 16:34:03,2014-07-08 16:05:04,2014-07-12 16:30:05,NA,NA,2014-06-21 15:03:08,7,0,0,0,0,1,1"
"949534,2013-09-24,2014-06-21 15:10:00,2014-06-23 15:53:01,2014-07-10 08:32:02,2014-07-01 16:34:03,2014-07-08 16:05:04,2014-07-12 16:30:05,NA,NA,2014-06-21 15:03:08,7,0,0,0,0,2,3"
"949534,2013-09-24,2014-06-21 15:10:00,2014-06-23 15:53:01,2014-07-10 08:32:02,2014-07-01 16:34:03,2014-07-08 16:05:04,2014-07-12 16:30:05,NA,NA,2014-06-21 15:03:08,7,0,0,0,0,10,2"
"1004847,2013-09-27,2014-09-02 21:28:00,2014-09-08 15:31:01,2014-09-13 10:32:02,2014-09-16 20:39:03,2014-09-25 17:16:04,2014-09-28 14:59:05,2014-10-02 17:52:06,2014-10-06 18:54:07,2014-09-02 21:15:08,9,9,1,1,1,1,1"
"1004847,2013-09-27,2014-09-02 21:28:00,2014-09-08 15:31:01,2014-09-13 10:32:02,2014-09-16 20:39:03,2014-09-25 17:16:04,2014-09-28 14:59:05,2014-10-02 17:52:06,2014-10-06 18:54:07,2014-09-02 21:15:08,9,9,1,1,1,2,3"
"1004847,2013-09-27,2014-09-02 21:28:00,2014-09-08 15:31:01,2014-09-13 10:32:02,2014-09-16 20:39:03,2014-09-25 17:16:04,2014-09-28 14:59:05,2014-10-02 17:52:06,2014-10-06 18:54:07,2014-09-02 21:15:08,9,9,1,1,1,10,2"
"1035565,2013-07-11,2014-04-12 12:16:00,NA,NA,NA,NA,NA,NA,NA,2014-04-12 11:43:08,2,0,0,0,0,1,1"
"1035565,2013-07-11,2014-04-12 12:16:00,NA,NA,NA,NA,NA,NA,NA,2014-04-12 11:43:08,2,0,0,0,0,2,3"
"1035565,2013-07-11,2014-04-12 12:16:00,NA,NA,NA,NA,NA,NA,NA,2014-04-12 11:43:08,2,0,0,0,0,10,2"
"1037939,2013-04-09,2014-03-11 19:14:00,2014-04-04 19:32:01,2014-05-16 19:58:02,NA,NA,NA,NA,NA,2014-01-25 09:49:08,4,0,0,0,0,1,1"
"1037939,2013-04-09,2014-03-11 19:14:00,2014-04-04 19:32:01,2014-05-16 19:58:02,NA,NA,NA,NA,NA,2014-01-25 09:49:08,4,0,0,0,0,2,3"
"1037939,2013-04-09,2014-03-11 19:14:00,2014-04-04 19:32:01,2014-05-16 19:58:02,NA,NA,NA,NA,NA,2014-01-25 09:49:08,4,0,0,0,0,10,2"
"1040705,2013-06-03,2014-02-14 12:50:00,2014-03-04 11:19:01,NA,NA,NA,NA,NA,NA,2014-02-13 18:12:08,3,0,0,0,0,1,1"
"1040705,2013-06-03,2014-02-14 12:50:00,2014-03-04 11:19:01,NA,NA,NA,NA,NA,NA,2014-02-13 18:12:08,3,0,0,0,0,2,3"
"1040705,2013-06-03,2014-02-14 12:50:00,2014-03-04 11:19:01,NA,NA,NA,NA,NA,NA,2014-02-13 18:12:08,3,0,0,0,0,10,2"
"1044267,2013-11-04,2014-02-16 02:33:00,2014-02-17 12:08:01,2014-02-19 14:36:02,2014-05-17 13:32:03,NA,2014-05-17 13:23:05,NA,NA,2014-02-15 14:43:08,6,0,0,0,0,1,1"
"1044267,2013-11-04,2014-02-16 02:33:00,2014-02-17 12:08:01,2014-02-19 14:36:02,2014-05-17 13:32:03,NA,2014-05-17 13:23:05,NA,NA,2014-02-15 14:43:08,6,0,0,0,0,2,3"
"1044267,2013-11-04,2014-02-16 02:33:00,2014-02-17 12:08:01,2014-02-19 14:36:02,2014-05-17 13:32:03,NA,2014-05-17 13:23:05,NA,NA,2014-02-15 14:43:08,6,0,0,0,0,10,2"
"1050862,2013-04-03,2014-05-08 09:48:00,NA,NA,NA,NA,NA,NA,NA,2014-05-01 00:50:08,2,0,0,0,0,1,1"
"1050862,2013-04-03,2014-05-08 09:48:00,NA,NA,NA,NA,NA,NA,NA,2014-05-01 00:50:08,2,0,0,0,0,2,3"
"1050862,2013-04-03,2014-05-08 09:48:00,NA,NA,NA,NA,NA,NA,NA,2014-05-01 00:50:08,2,0,0,0,0,10,2"
"1050995,2013-10-02,2014-07-05 14:06:00,2014-05-31 16:15:01,2014-06-12 19:32:02,2014-07-05 13:55:03,2014-07-24 18:50:04,2014-08-12 18:24:05,2014-09-16 18:13:06,2014-10-11 14:48:07,2014-05-06 23:14:08,9,9,1,1,1,1,1"
"1050995,2013-10-02,2014-07-05 14:06:00,2014-05-31 16:15:01,2014-06-12 19:32:02,2014-07-05 13:55:03,2014-07-24 18:50:04,2014-08-12 18:24:05,2014-09-16 18:13:06,2014-10-11 14:48:07,2014-05-06 23:14:08,9,9,1,1,1,3,3"
"1050995,2013-10-02,2014-07-05 14:06:00,2014-05-31 16:15:01,2014-06-12 19:32:02,2014-07-05 13:55:03,2014-07-24 18:50:04,2014-08-12 18:24:05,2014-09-16 18:13:06,2014-10-11 14:48:07,2014-05-06 23:14:08,9,9,1,1,1,10,2"
"1074949,2013-03-27,2014-02-10 22:14:00,2014-02-10 19:59:01,2014-03-02 14:09:02,NA,NA,NA,NA,NA,2014-02-10 18:43:08,4,0,0,0,0,1,1"
"1074949,2013-03-27,2014-02-10 22:14:00,2014-02-10 19:59:01,2014-03-02 14:09:02,NA,NA,NA,NA,NA,2014-02-10 18:43:08,4,0,0,0,0,3,3"
"1074949,2013-03-27,2014-02-10 22:14:00,2014-02-10 19:59:01,2014-03-02 14:09:02,NA,NA,NA,NA,NA,2014-02-10 18:43:08,4,0,0,0,0,10,2"
"1086189,2014-07-21,NA,NA,NA,NA,NA,NA,NA,NA,2014-12-12 17:25:08,1,0,0,0,0,1,1"
"1086189,2014-07-21,NA,NA,NA,NA,NA,NA,NA,NA,2014-12-12 17:25:08,1,0,0,0,0,10,2"
"1090453,2013-07-25,2014-04-07 03:49:00,2014-04-08 09:12:01,2014-04-27 06:35:02,2014-04-14 13:38:03,2014-04-27 06:33:04,NA,NA,NA,2014-04-13 07:57:08,6,0,0,0,0,1,1"
"1090453,2013-07-25,2014-04-07 03:49:00,2014-04-08 09:12:01,2014-04-27 06:35:02,2014-04-14 13:38:03,2014-04-27 06:33:04,NA,NA,NA,2014-04-13 07:57:08,6,0,0,0,0,2,2"
"1090453,2013-07-25,2014-04-07 03:49:00,2014-04-08 09:12:01,2014-04-27 06:35:02,2014-04-14 13:38:03,2014-04-27 06:33:04,NA,NA,NA,2014-04-13 07:57:08,6,0,0,0,0,3,3"
"1096288,2014-04-18,2014-08-18 20:19:00,2014-09-07 00:13:01,2014-09-14 09:34:02,2014-11-07 23:22:03,2014-11-24 13:53:04,2014-12-19 16:41:05,2014-12-20 12:39:06,2014-12-28 12:10:07,2014-08-14 16:34:08,9,9,1,1,1,1,1"
"1096288,2014-04-18,2014-08-18 20:19:00,2014-09-07 00:13:01,2014-09-14 09:34:02,2014-11-07 23:22:03,2014-11-24 13:53:04,2014-12-19 16:41:05,2014-12-20 12:39:06,2014-12-28 12:10:07,2014-08-14 16:34:08,9,9,1,1,1,2,3"
"1096288,2014-04-18,2014-08-18 20:19:00,2014-09-07 00:13:01,2014-09-14 09:34:02,2014-11-07 23:22:03,2014-11-24 13:53:04,2014-12-19 16:41:05,2014-12-20 12:39:06,2014-12-28 12:10:07,2014-08-14 16:34:08,9,9,1,1,1,10,2"
"1110203,2013-09-14,2014-04-22 00:12:00,NA,NA,NA,NA,NA,NA,NA,2014-04-21 22:10:08,2,0,0,0,0,1,1"
"1110203,2013-09-14,2014-04-22 00:12:00,NA,NA,NA,NA,NA,NA,NA,2014-04-21 22:10:08,2,0,0,0,0,2,3"
"1110203,2013-09-14,2014-04-22 00:12:00,NA,NA,NA,NA,NA,NA,NA,2014-04-21 22:10:08,2,0,0,0,0,10,2"
"1110562,2013-03-29,2014-04-02 12:57:00,2014-04-25 16:49:01,2014-05-24 16:08:02,2014-06-03 17:13:03,NA,NA,NA,NA,2014-05-24 16:06:08,5,0,0,0,0,1,1"
"1110562,2013-03-29,2014-04-02 12:57:00,2014-04-25 16:49:01,2014-05-24 16:08:02,2014-06-03 17:13:03,NA,NA,NA,NA,2014-05-24 16:06:08,5,0,0,0,0,2,2"
"1110562,2013-03-29,2014-04-02 12:57:00,2014-04-25 16:49:01,2014-05-24 16:08:02,2014-06-03 17:13:03,NA,NA,NA,NA,2014-05-24 16:06:08,5,0,0,0,0,3,3"
"1119270,2013-12-09,2014-05-13 19:33:00,2014-05-13 19:42:01,2014-05-27 21:24:02,2014-05-31 19:45:03,NA,NA,NA,NA,2014-05-05 13:18:08,5,0,0,0,0,1,1"
"1119270,2013-12-09,2014-05-13 19:33:00,2014-05-13 19:42:01,2014-05-27 21:24:02,2014-05-31 19:45:03,NA,NA,NA,NA,2014-05-05 13:18:08,5,0,0,0,0,2,3"
"1119270,2013-12-09,2014-05-13 19:33:00,2014-05-13 19:42:01,2014-05-27 21:24:02,2014-05-31 19:45:03,NA,NA,NA,NA,2014-05-05 13:18:08,5,0,0,0,0,10,2"
"1122190,2013-09-22,2014-08-05 05:01:00,2014-08-06 14:01:01,NA,NA,NA,NA,NA,NA,2014-07-17 23:54:08,3,0,0,0,0,1,1"
"1122190,2013-09-22,2014-08-05 05:01:00,2014-08-06 14:01:01,NA,NA,NA,NA,NA,NA,2014-07-17 23:54:08,3,0,0,0,0,2,3"
"1122190,2013-09-22,2014-08-05 05:01:00,2014-08-06 14:01:01,NA,NA,NA,NA,NA,NA,2014-07-17 23:54:08,3,0,0,0,0,10,2"
"1126419,2013-10-18,2014-02-13 07:08:00,NA,NA,NA,NA,NA,NA,NA,2014-02-11 03:11:08,2,0,0,0,0,1,1"
"1126419,2013-10-18,2014-02-13 07:08:00,NA,NA,NA,NA,NA,NA,NA,2014-02-11 03:11:08,2,0,0,0,0,2,3"
"1126419,2013-10-18,2014-02-13 07:08:00,NA,NA,NA,NA,NA,NA,NA,2014-02-11 03:11:08,2,0,0,0,0,10,2"
"1147619,2013-04-08,2014-02-01 19:18:00,2014-04-26 21:19:01,NA,NA,NA,NA,NA,NA,2014-02-01 19:14:08,3,0,0,0,0,1,1"
"1147619,2013-04-08,2014-02-01 19:18:00,2014-04-26 21:19:01,NA,NA,NA,NA,NA,NA,2014-02-01 19:14:08,3,0,0,0,0,2,3"
"1147619,2013-04-08,2014-02-01 19:18:00,2014-04-26 21:19:01,NA,NA,NA,NA,NA,NA,2014-02-01 19:14:08,3,0,0,0,0,10,2"
"1169887,2013-04-05,2014-05-31 20:55:00,2014-04-12 21:47:01,2014-03-24 20:46:02,2014-12-31 10:14:03,2014-12-30 21:12:04,NA,2014-12-31 20:04:06,NA,2014-02-13 19:57:08,7,0,0,0,0,1,1"
"1169887,2013-04-05,2014-05-31 20:55:00,2014-04-12 21:47:01,2014-03-24 20:46:02,2014-12-31 10:14:03,2014-12-30 21:12:04,NA,2014-12-31 20:04:06,NA,2014-02-13 19:57:08,7,0,0,0,0,4,3"
"1169887,2013-04-05,2014-05-31 20:55:00,2014-04-12 21:47:01,2014-03-24 20:46:02,2014-12-31 10:14:03,2014-12-30 21:12:04,NA,2014-12-31 20:04:06,NA,2014-02-13 19:57:08,7,0,0,0,0,10,2"
"1177307,2013-10-02,2014-10-13 18:41:00,NA,NA,NA,NA,NA,NA,NA,2014-10-11 19:34:08,2,0,0,0,0,1,1"
"1177307,2013-10-02,2014-10-13 18:41:00,NA,NA,NA,NA,NA,NA,NA,2014-10-11 19:34:08,2,0,0,0,0,2,3"
"1177307,2013-10-02,2014-10-13 18:41:00,NA,NA,NA,NA,NA,NA,NA,2014-10-11 19:34:08,2,0,0,0,0,10,2"
"1179156,2013-10-03,NA,NA,NA,NA,NA,NA,NA,NA,2014-02-07 12:32:08,1,0,0,0,0,1,1"
"1179156,2013-10-03,NA,NA,NA,NA,NA,NA,NA,NA,2014-02-07 12:32:08,1,0,0,0,0,10,2"
"1184376,2013-09-22,NA,2014-02-22 18:57:01,2014-05-23 19:38:02,2014-07-22 20:57:03,NA,NA,NA,NA,2014-01-24 00:57:08,4,0,0,0,0,1,1"
"1184376,2013-09-22,NA,2014-02-22 18:57:01,2014-05-23 19:38:02,2014-07-22 20:57:03,NA,NA,NA,NA,2014-01-24 00:57:08,4,0,0,0,0,3,3"
"1184376,2013-09-22,NA,2014-02-22 18:57:01,2014-05-23 19:38:02,2014-07-22 20:57:03,NA,NA,NA,NA,2014-01-24 00:57:08,4,0,0,0,0,10,2"
"1237760,2014-03-11,2014-08-04 23:30:00,2014-12-16 22:31:01,NA,NA,NA,NA,NA,NA,2014-08-04 23:28:08,3,0,0,0,0,1,1"
"1237760,2014-03-11,2014-08-04 23:30:00,2014-12-16 22:31:01,NA,NA,NA,NA,NA,NA,2014-08-04 23:28:08,3,0,0,0,0,2,3"
"1237760,2014-03-11,2014-08-04 23:30:00,2014-12-16 22:31:01,NA,NA,NA,NA,NA,NA,2014-08-04 23:28:08,3,0,0,0,0,10,2"
"1271898,2013-05-25,2014-12-15 22:38:00,2014-07-16 02:40:01,2014-08-02 23:04:02,2014-12-03 19:50:03,2014-12-28 17:15:04,NA,NA,NA,2014-03-02 17:18:08,6,0,0,0,0,1,1"
"1271898,2013-05-25,2014-12-15 22:38:00,2014-07-16 02:40:01,2014-08-02 23:04:02,2014-12-03 19:50:03,2014-12-28 17:15:04,NA,NA,NA,2014-03-02 17:18:08,6,0,0,0,0,3,3"
"1271898,2013-05-25,2014-12-15 22:38:00,2014-07-16 02:40:01,2014-08-02 23:04:02,2014-12-03 19:50:03,2014-12-28 17:15:04,NA,NA,NA,2014-03-02 17:18:08,6,0,0,0,0,10,2"
"1290765,2013-10-01,2014-08-13 05:44:00,2014-09-01 23:52:01,NA,NA,NA,NA,NA,NA,2014-08-13 05:41:08,3,0,0,0,0,1,1"
"1290765,2013-10-01,2014-08-13 05:44:00,2014-09-01 23:52:01,NA,NA,NA,NA,NA,NA,2014-08-13 05:41:08,3,0,0,0,0,2,3"
"1290765,2013-10-01,2014-08-13 05:44:00,2014-09-01 23:52:01,NA,NA,NA,NA,NA,NA,2014-08-13 05:41:08,3,0,0,0,0,10,2"
"1293148,2013-10-31,2014-03-08 23:14:00,2014-08-01 09:04:01,2014-08-04 05:40:02,2014-08-08 13:18:03,NA,NA,NA,NA,2014-03-06 23:35:08,5,0,0,0,0,1,1"
"1293148,2013-10-31,2014-03-08 23:14:00,2014-08-01 09:04:01,2014-08-04 05:40:02,2014-08-08 13:18:03,NA,NA,NA,NA,2014-03-06 23:35:08,5,0,0,0,0,2,3"
"1293148,2013-10-31,2014-03-08 23:14:00,2014-08-01 09:04:01,2014-08-04 05:40:02,2014-08-08 13:18:03,NA,NA,NA,NA,2014-03-06 23:35:08,5,0,0,0,0,10,2"
"1315290,2013-08-12,NA,NA,NA,NA,NA,NA,NA,NA,2014-02-07 18:16:08,1,0,0,0,0,1,1"
"1315290,2013-08-12,NA,NA,NA,NA,NA,NA,NA,NA,2014-02-07 18:16:08,1,0,0,0,0,10,2"
"1325834,2014-08-12,2014-11-24 03:11:00,2014-11-26 04:20:01,2014-12-20 05:22:02,NA,NA,NA,NA,NA,2014-11-24 03:09:08,4,0,0,0,0,1,1"
"1325834,2014-08-12,2014-11-24 03:11:00,2014-11-26 04:20:01,2014-12-20 05:22:02,NA,NA,NA,NA,NA,2014-11-24 03:09:08,4,0,0,0,0,2,3"
"1325834,2014-08-12,2014-11-24 03:11:00,2014-11-26 04:20:01,2014-12-20 05:22:02,NA,NA,NA,NA,NA,2014-11-24 03:09:08,4,0,0,0,0,10,2"
"1338758,2013-04-17,NA,NA,NA,NA,NA,NA,NA,NA,2014-03-03 19:51:08,1,0,0,0,0,1,1"
"1338758,2013-04-17,NA,NA,NA,NA,NA,NA,NA,NA,2014-03-03 19:51:08,1,0,0,0,0,10,2"
"1349439,2013-09-17,2014-03-01 00:06:00,2014-03-04 00:06:01,2014-04-06 00:27:02,2014-04-13 19:21:03,2014-12-31 04:18:04,2014-08-03 19:15:05,2014-10-19 22:22:06,2014-11-10 18:58:07,2014-04-06 00:06:08,9,9,1,1,1,1,1"
"1349439,2013-09-17,2014-03-01 00:06:00,2014-03-04 00:06:01,2014-04-06 00:27:02,2014-04-13 19:21:03,2014-12-31 04:18:04,2014-08-03 19:15:05,2014-10-19 22:22:06,2014-11-10 18:58:07,2014-04-06 00:06:08,9,9,1,1,1,2,2"
"1349439,2013-09-17,2014-03-01 00:06:00,2014-03-04 00:06:01,2014-04-06 00:27:02,2014-04-13 19:21:03,2014-12-31 04:18:04,2014-08-03 19:15:05,2014-10-19 22:22:06,2014-11-10 18:58:07,2014-04-06 00:06:08,9,9,1,1,1,3,3"
"1350015,2013-10-15,2014-10-29 11:05:00,NA,NA,NA,NA,NA,NA,NA,2014-10-29 10:00:08,2,0,0,0,0,1,1"
"1350015,2013-10-15,2014-10-29 11:05:00,NA,NA,NA,NA,NA,NA,NA,2014-10-29 10:00:08,2,0,0,0,0,2,3"
"1350015,2013-10-15,2014-10-29 11:05:00,NA,NA,NA,NA,NA,NA,NA,2014-10-29 10:00:08,2,0,0,0,0,10,2"
"1351512,2013-08-28,2014-02-09 03:13:00,2014-02-10 08:42:01,2014-03-11 06:22:02,2014-04-18 19:41:03,2014-07-09 03:55:04,NA,NA,NA,2014-01-27 02:00:08,6,0,0,0,0,1,1"
"1351512,2013-08-28,2014-02-09 03:13:00,2014-02-10 08:42:01,2014-03-11 06:22:02,2014-04-18 19:41:03,2014-07-09 03:55:04,NA,NA,NA,2014-01-27 02:00:08,6,0,0,0,0,2,3"
"1351512,2013-08-28,2014-02-09 03:13:00,2014-02-10 08:42:01,2014-03-11 06:22:02,2014-04-18 19:41:03,2014-07-09 03:55:04,NA,NA,NA,2014-01-27 02:00:08,6,0,0,0,0,10,2"
"1351868,2013-04-18,2014-01-31 20:28:00,2014-01-31 00:52:01,NA,NA,NA,NA,NA,NA,2014-01-28 00:57:08,3,0,0,0,0,1,1"
"1351868,2013-04-18,2014-01-31 20:28:00,2014-01-31 00:52:01,NA,NA,NA,NA,NA,NA,2014-01-28 00:57:08,3,0,0,0,0,3,3"
"1351868,2013-04-18,2014-01-31 20:28:00,2014-01-31 00:52:01,NA,NA,NA,NA,NA,NA,2014-01-28 00:57:08,3,0,0,0,0,10,2"
"1366566,2013-09-14,2014-06-23 00:05:00,2014-08-18 17:38:01,2014-07-13 04:03:02,2014-08-10 22:58:03,2014-08-30 03:20:04,NA,NA,NA,2014-06-29 03:45:08,6,0,0,0,0,1,1"
"1366566,2013-09-14,2014-06-23 00:05:00,2014-08-18 17:38:01,2014-07-13 04:03:02,2014-08-10 22:58:03,2014-08-30 03:20:04,NA,NA,NA,2014-06-29 03:45:08,6,0,0,0,0,2,2"
"1366566,2013-09-14,2014-06-23 00:05:00,2014-08-18 17:38:01,2014-07-13 04:03:02,2014-08-10 22:58:03,2014-08-30 03:20:04,NA,NA,NA,2014-06-29 03:45:08,6,0,0,0,0,10,3"
"1367546,2013-10-21,2014-03-26 14:27:00,2014-03-28 15:02:01,2014-04-14 19:56:02,2014-04-30 04:53:03,2014-06-30 19:41:04,2014-07-06 15:46:05,2014-08-13 13:52:06,2014-08-27 10:26:07,2014-03-23 02:42:08,9,9,1,1,1,1,1"
"1367546,2013-10-21,2014-03-26 14:27:00,2014-03-28 15:02:01,2014-04-14 19:56:02,2014-04-30 04:53:03,2014-06-30 19:41:04,2014-07-06 15:46:05,2014-08-13 13:52:06,2014-08-27 10:26:07,2014-03-23 02:42:08,9,9,1,1,1,2,3"
"1367546,2013-10-21,2014-03-26 14:27:00,2014-03-28 15:02:01,2014-04-14 19:56:02,2014-04-30 04:53:03,2014-06-30 19:41:04,2014-07-06 15:46:05,2014-08-13 13:52:06,2014-08-27 10:26:07,2014-03-23 02:42:08,9,9,1,1,1,10,2"
"1391137,2013-05-15,NA,NA,NA,NA,NA,NA,NA,NA,2014-06-14 18:19:08,1,0,0,0,0,1,1"
"1391137,2013-05-15,NA,NA,NA,NA,NA,NA,NA,NA,2014-06-14 18:19:08,1,0,0,0,0,10,2"
"1400111,2013-03-26,2014-02-13 02:24:00,NA,NA,NA,NA,NA,NA,NA,2014-01-27 22:54:08,2,0,0,0,0,1,1"
"1400111,2013-03-26,2014-02-13 02:24:00,NA,NA,NA,NA,NA,NA,NA,2014-01-27 22:54:08,2,0,0,0,0,2,3"
"1400111,2013-03-26,2014-02-13 02:24:00,NA,NA,NA,NA,NA,NA,NA,2014-01-27 22:54:08,2,0,0,0,0,10,2"
"1406308,2013-12-14,2014-07-01 23:21:00,NA,NA,NA,NA,NA,NA,NA,2014-07-01 23:18:08,2,0,0,0,0,1,1"
"1406308,2013-12-14,2014-07-01 23:21:00,NA,NA,NA,NA,NA,NA,NA,2014-07-01 23:18:08,2,0,0,0,0,2,3"
"1406308,2013-12-14,2014-07-01 23:21:00,NA,NA,NA,NA,NA,NA,NA,2014-07-01 23:18:08,2,0,0,0,0,10,2"
"1424921,2013-05-12,2014-03-01 14:09:00,2014-03-15 18:14:01,2014-07-15 20:43:02,2014-07-08 20:59:03,NA,NA,NA,NA,2014-02-23 15:32:08,5,0,0,0,0,1,1"
"1424921,2013-05-12,2014-03-01 14:09:00,2014-03-15 18:14:01,2014-07-15 20:43:02,2014-07-08 20:59:03,NA,NA,NA,NA,2014-02-23 15:32:08,5,0,0,0,0,2,3"
"1424921,2013-05-12,2014-03-01 14:09:00,2014-03-15 18:14:01,2014-07-15 20:43:02,2014-07-08 20:59:03,NA,NA,NA,NA,2014-02-23 15:32:08,5,0,0,0,0,10,2"
"1426750,2013-09-29,2014-03-27 13:54:00,NA,NA,NA,NA,NA,NA,NA,2014-02-25 15:02:08,2,0,0,0,0,1,1"
"1426750,2013-09-29,2014-03-27 13:54:00,NA,NA,NA,NA,NA,NA,NA,2014-02-25 15:02:08,2,0,0,0,0,2,3"
"1426750,2013-09-29,2014-03-27 13:54:00,NA,NA,NA,NA,NA,NA,NA,2014-02-25 15:02:08,2,0,0,0,0,10,2"
"1438806,2013-04-06,2014-09-09 12:41:00,NA,NA,NA,NA,NA,NA,NA,2014-08-27 02:27:08,2,0,0,0,0,1,1"
"1438806,2013-04-06,2014-09-09 12:41:00,NA,NA,NA,NA,NA,NA,NA,2014-08-27 02:27:08,2,0,0,0,0,2,3"
"1438806,2013-04-06,2014-09-09 12:41:00,NA,NA,NA,NA,NA,NA,NA,2014-08-27 02:27:08,2,0,0,0,0,10,2"
"1446287,2013-07-10,2014-02-25 14:28:00,2014-02-28 17:01:01,2014-03-07 03:37:02,2014-03-15 04:18:03,NA,NA,NA,NA,2014-02-25 14:26:08,5,0,0,0,0,1,1"
"1446287,2013-07-10,2014-02-25 14:28:00,2014-02-28 17:01:01,2014-03-07 03:37:02,2014-03-15 04:18:03,NA,NA,NA,NA,2014-02-25 14:26:08,5,0,0,0,0,2,3"
"1446287,2013-07-10,2014-02-25 14:28:00,2014-02-28 17:01:01,2014-03-07 03:37:02,2014-03-15 04:18:03,NA,NA,NA,NA,2014-02-25 14:26:08,5,0,0,0,0,10,2"
"1458918,2014-04-04,2014-10-20 03:54:00,2014-10-20 03:52:01,2014-12-05 06:29:02,NA,NA,NA,NA,NA,2014-10-10 06:19:08,4,0,0,0,0,1,1"
"1458918,2014-04-04,2014-10-20 03:54:00,2014-10-20 03:52:01,2014-12-05 06:29:02,NA,NA,NA,NA,NA,2014-10-10 06:19:08,4,0,0,0,0,3,3"
"1458918,2014-04-04,2014-10-20 03:54:00,2014-10-20 03:52:01,2014-12-05 06:29:02,NA,NA,NA,NA,NA,2014-10-10 06:19:08,4,0,0,0,0,10,2"
"1516524,2013-09-28,2014-01-28 04:31:00,2014-01-28 04:32:01,2014-02-17 22:08:02,NA,NA,NA,NA,NA,2014-01-22 20:34:08,4,0,0,0,0,1,1"
"1516524,2013-09-28,2014-01-28 04:31:00,2014-01-28 04:32:01,2014-02-17 22:08:02,NA,NA,NA,NA,NA,2014-01-22 20:34:08,4,0,0,0,0,2,3"
"1516524,2013-09-28,2014-01-28 04:31:00,2014-01-28 04:32:01,2014-02-17 22:08:02,NA,NA,NA,NA,NA,2014-01-22 20:34:08,4,0,0,0,0,10,2"
"1526318,2013-10-27,2014-02-09 01:25:00,2014-02-21 20:30:01,NA,NA,NA,NA,NA,NA,2014-02-21 19:26:08,3,0,0,0,0,1,1"
"1526318,2013-10-27,2014-02-09 01:25:00,2014-02-21 20:30:01,NA,NA,NA,NA,NA,NA,2014-02-21 19:26:08,3,0,0,0,0,2,2"
"1526318,2013-10-27,2014-02-09 01:25:00,2014-02-21 20:30:01,NA,NA,NA,NA,NA,NA,2014-02-21 19:26:08,3,0,0,0,0,10,3"
"1530014,2013-09-29,NA,NA,NA,NA,NA,NA,NA,NA,2014-08-06 21:50:08,1,0,0,0,0,1,1"
"1530014,2013-09-29,NA,NA,NA,NA,NA,NA,NA,NA,2014-08-06 21:50:08,1,0,0,0,0,10,2"
"1533237,2013-08-22,NA,NA,NA,NA,NA,NA,NA,NA,2014-07-15 00:15:08,1,0,0,0,0,1,1"
"1533237,2013-08-22,NA,NA,NA,NA,NA,NA,NA,NA,2014-07-15 00:15:08,1,0,0,0,0,10,2"
"1538644,2013-11-18,2014-05-09 18:13:00,2014-05-13 17:03:01,2014-05-23 15:59:02,2014-05-21 14:09:03,NA,NA,NA,NA,2014-03-05 19:56:08,5,0,0,0,0,1,1"
"1538644,2013-11-18,2014-05-09 18:13:00,2014-05-13 17:03:01,2014-05-23 15:59:02,2014-05-21 14:09:03,NA,NA,NA,NA,2014-03-05 19:56:08,5,0,0,0,0,2,3"
"1538644,2013-11-18,2014-05-09 18:13:00,2014-05-13 17:03:01,2014-05-23 15:59:02,2014-05-21 14:09:03,NA,NA,NA,NA,2014-03-05 19:56:08,5,0,0,0,0,10,2"
"1561245,2014-01-05,NA,NA,NA,NA,NA,NA,NA,NA,2014-11-12 22:19:08,1,0,0,0,0,1,1"
"1561245,2014-01-05,NA,NA,NA,NA,NA,NA,NA,NA,2014-11-12 22:19:08,1,0,0,0,0,10,2"
"1568742,2014-03-31,2014-08-14 11:16:00,2014-08-14 11:27:01,NA,NA,NA,NA,NA,NA,2014-07-31 08:56:08,3,0,0,0,0,1,1"
"1568742,2014-03-31,2014-08-14 11:16:00,2014-08-14 11:27:01,NA,NA,NA,NA,NA,NA,2014-07-31 08:56:08,3,0,0,0,0,2,3"
"1568742,2014-03-31,2014-08-14 11:16:00,2014-08-14 11:27:01,NA,NA,NA,NA,NA,NA,2014-07-31 08:56:08,3,0,0,0,0,10,2"
"1584140,2013-04-13,NA,NA,NA,NA,NA,NA,NA,NA,2014-02-14 19:42:08,1,0,0,0,0,1,1"
"1584140,2013-04-13,NA,NA,NA,NA,NA,NA,NA,NA,2014-02-14 19:42:08,1,0,0,0,0,10,2"
"1592274,2013-12-13,NA,NA,NA,NA,NA,NA,NA,NA,2014-05-30 19:58:08,1,0,0,0,0,1,1"
"1592274,2013-12-13,NA,NA,NA,NA,NA,NA,NA,NA,2014-05-30 19:58:08,1,0,0,0,0,10,2"
"1602006,2013-08-13,2014-01-23 18:26:00,NA,NA,NA,NA,NA,NA,NA,2014-01-23 18:21:08,2,0,0,0,0,1,1"
"1602006,2013-08-13,2014-01-23 18:26:00,NA,NA,NA,NA,NA,NA,NA,2014-01-23 18:21:08,2,0,0,0,0,2,3"
"1602006,2013-08-13,2014-01-23 18:26:00,NA,NA,NA,NA,NA,NA,NA,2014-01-23 18:21:08,2,0,0,0,0,10,2"
"1648116,2013-09-01,2014-07-15 19:10:00,2014-08-22 16:08:01,NA,NA,NA,NA,NA,NA,2014-07-15 18:58:08,3,0,0,0,0,1,1"
"1648116,2013-09-01,2014-07-15 19:10:00,2014-08-22 16:08:01,NA,NA,NA,NA,NA,NA,2014-07-15 18:58:08,3,0,0,0,0,2,3"
"1648116,2013-09-01,2014-07-15 19:10:00,2014-08-22 16:08:01,NA,NA,NA,NA,NA,NA,2014-07-15 18:58:08,3,0,0,0,0,10,2"
"1650372,2014-08-03,2014-11-15 22:42:00,2014-11-19 21:19:01,2014-11-25 00:42:02,2014-12-06 22:55:03,NA,NA,NA,NA,2014-11-15 22:02:08,5,0,0,0,0,1,1"
"1650372,2014-08-03,2014-11-15 22:42:00,2014-11-19 21:19:01,2014-11-25 00:42:02,2014-12-06 22:55:03,NA,NA,NA,NA,2014-11-15 22:02:08,5,0,0,0,0,2,3"
"1650372,2014-08-03,2014-11-15 22:42:00,2014-11-19 21:19:01,2014-11-25 00:42:02,2014-12-06 22:55:03,NA,NA,NA,NA,2014-11-15 22:02:08,5,0,0,0,0,10,2"
"1667593,2013-04-03,2014-05-10 14:15:00,NA,NA,NA,NA,NA,NA,NA,2014-05-10 14:12:08,2,0,0,0,0,1,1"
"1667593,2013-04-03,2014-05-10 14:15:00,NA,NA,NA,NA,NA,NA,NA,2014-05-10 14:12:08,2,0,0,0,0,2,3"
"1667593,2013-04-03,2014-05-10 14:15:00,NA,NA,NA,NA,NA,NA,NA,2014-05-10 14:12:08,2,0,0,0,0,10,2"
"1673144,2013-05-21,2014-06-21 16:42:00,2014-06-21 06:37:01,NA,NA,NA,NA,NA,NA,2014-06-20 01:10:08,3,0,0,0,0,1,1"
"1673144,2013-05-21,2014-06-21 16:42:00,2014-06-21 06:37:01,NA,NA,NA,NA,NA,NA,2014-06-20 01:10:08,3,0,0,0,0,3,3"
"1673144,2013-05-21,2014-06-21 16:42:00,2014-06-21 06:37:01,NA,NA,NA,NA,NA,NA,2014-06-20 01:10:08,3,0,0,0,0,10,2"
"1712422,2013-10-02,2014-02-19 09:24:00,2014-03-13 14:19:01,2014-03-13 14:10:02,2014-03-29 15:58:03,2014-06-13 15:40:04,2014-05-08 18:09:05,2014-06-21 08:06:06,2014-07-12 10:05:07,2014-01-30 10:56:08,9,9,1,1,1,1,1"
"1712422,2013-10-02,2014-02-19 09:24:00,2014-03-13 14:19:01,2014-03-13 14:10:02,2014-03-29 15:58:03,2014-06-13 15:40:04,2014-05-08 18:09:05,2014-06-21 08:06:06,2014-07-12 10:05:07,2014-01-30 10:56:08,9,9,1,1,1,2,3"
"1712422,2013-10-02,2014-02-19 09:24:00,2014-03-13 14:19:01,2014-03-13 14:10:02,2014-03-29 15:58:03,2014-06-13 15:40:04,2014-05-08 18:09:05,2014-06-21 08:06:06,2014-07-12 10:05:07,2014-01-30 10:56:08,9,9,1,1,1,10,2"
"1726890,2013-04-20,2014-04-30 01:03:00,2014-03-01 20:39:01,2014-03-15 23:12:02,2014-03-23 19:30:03,2014-07-16 16:29:04,2014-07-25 17:07:05,2014-07-21 05:07:06,NA,2014-02-08 17:01:08,8,0,0,0,0,1,1"
"1726890,2013-04-20,2014-04-30 01:03:00,2014-03-01 20:39:01,2014-03-15 23:12:02,2014-03-23 19:30:03,2014-07-16 16:29:04,2014-07-25 17:07:05,2014-07-21 05:07:06,NA,2014-02-08 17:01:08,8,0,0,0,0,3,3"
"1726890,2013-04-20,2014-04-30 01:03:00,2014-03-01 20:39:01,2014-03-15 23:12:02,2014-03-23 19:30:03,2014-07-16 16:29:04,2014-07-25 17:07:05,2014-07-21 05:07:06,NA,2014-02-08 17:01:08,8,0,0,0,0,10,2"
"1745079,2013-10-02,2014-06-13 11:39:00,NA,NA,NA,NA,NA,NA,NA,2014-06-13 11:35:08,2,0,0,0,0,1,1"
"1745079,2013-10-02,2014-06-13 11:39:00,NA,NA,NA,NA,NA,NA,NA,2014-06-13 11:35:08,2,0,0,0,0,2,3"
"1745079,2013-10-02,2014-06-13 11:39:00,NA,NA,NA,NA,NA,NA,NA,2014-06-13 11:35:08,2,0,0,0,0,10,2"
"1787520,2013-12-26,2014-08-25 13:53:00,2014-08-25 16:18:01,2014-09-15 18:20:02,2014-09-29 19:04:03,2014-11-18 16:42:04,NA,NA,NA,2014-08-25 13:52:08,6,0,0,0,0,1,1"
"1787520,2013-12-26,2014-08-25 13:53:00,2014-08-25 16:18:01,2014-09-15 18:20:02,2014-09-29 19:04:03,2014-11-18 16:42:04,NA,NA,NA,2014-08-25 13:52:08,6,0,0,0,0,2,3"
"1787520,2013-12-26,2014-08-25 13:53:00,2014-08-25 16:18:01,2014-09-15 18:20:02,2014-09-29 19:04:03,2014-11-18 16:42:04,NA,NA,NA,2014-08-25 13:52:08,6,0,0,0,0,10,2"
"1807827,2013-05-26,2014-08-05 14:33:00,2014-08-10 21:15:01,2014-09-08 10:56:02,2014-09-11 04:38:03,NA,2014-10-06 07:31:05,NA,NA,2014-07-27 12:26:08,6,0,0,0,0,1,1"
"1807827,2013-05-26,2014-08-05 14:33:00,2014-08-10 21:15:01,2014-09-08 10:56:02,2014-09-11 04:38:03,NA,2014-10-06 07:31:05,NA,NA,2014-07-27 12:26:08,6,0,0,0,0,2,3"
"1807827,2013-05-26,2014-08-05 14:33:00,2014-08-10 21:15:01,2014-09-08 10:56:02,2014-09-11 04:38:03,NA,2014-10-06 07:31:05,NA,NA,2014-07-27 12:26:08,6,0,0,0,0,10,2"
"1809146,2014-05-15,2014-10-20 22:34:00,2014-10-25 21:03:01,2014-11-08 20:02:02,2014-11-08 20:06:03,2014-11-21 20:05:04,2014-11-28 21:10:05,2014-12-09 18:34:06,NA,2014-10-17 00:21:08,8,0,0,0,0,1,1"
"1809146,2014-05-15,2014-10-20 22:34:00,2014-10-25 21:03:01,2014-11-08 20:02:02,2014-11-08 20:06:03,2014-11-21 20:05:04,2014-11-28 21:10:05,2014-12-09 18:34:06,NA,2014-10-17 00:21:08,8,0,0,0,0,2,3"
"1809146,2014-05-15,2014-10-20 22:34:00,2014-10-25 21:03:01,2014-11-08 20:02:02,2014-11-08 20:06:03,2014-11-21 20:05:04,2014-11-28 21:10:05,2014-12-09 18:34:06,NA,2014-10-17 00:21:08,8,0,0,0,0,10,2"
"1831148,2014-07-20,NA,NA,NA,NA,NA,NA,NA,NA,2014-11-13 21:01:08,1,0,0,0,0,1,1"
"1831148,2014-07-20,NA,NA,NA,NA,NA,NA,NA,NA,2014-11-13 21:01:08,1,0,0,0,0,10,2"
"1833114,2013-10-18,2014-02-23 07:01:00,2014-05-02 23:06:01,NA,NA,NA,NA,NA,NA,2014-05-02 23:03:08,3,0,0,0,0,1,1"
"1833114,2013-10-18,2014-02-23 07:01:00,2014-05-02 23:06:01,NA,NA,NA,NA,NA,NA,2014-05-02 23:03:08,3,0,0,0,0,2,2"
"1833114,2013-10-18,2014-02-23 07:01:00,2014-05-02 23:06:01,NA,NA,NA,NA,NA,NA,2014-05-02 23:03:08,3,0,0,0,0,10,3"
"1841738,2014-02-01,NA,NA,NA,NA,NA,NA,NA,NA,2014-05-19 03:03:08,1,0,0,0,0,1,1"
"1841738,2014-02-01,NA,NA,NA,NA,NA,NA,NA,NA,2014-05-19 03:03:08,1,0,0,0,0,10,2"
"1845857,2013-04-02,2014-02-12 01:47:00,2014-03-03 08:34:01,2014-06-07 05:17:02,2014-04-27 06:10:03,NA,NA,NA,NA,2014-04-27 06:09:08,5,0,0,0,0,1,1"
"1845857,2013-04-02,2014-02-12 01:47:00,2014-03-03 08:34:01,2014-06-07 05:17:02,2014-04-27 06:10:03,NA,NA,NA,NA,2014-04-27 06:09:08,5,0,0,0,0,2,2"
"1845857,2013-04-02,2014-02-12 01:47:00,2014-03-03 08:34:01,2014-06-07 05:17:02,2014-04-27 06:10:03,NA,NA,NA,NA,2014-04-27 06:09:08,5,0,0,0,0,3,3"
"1846283,2013-11-21,2014-06-20 10:18:00,2014-05-19 19:40:01,2014-06-20 10:11:02,2014-06-23 10:58:03,2014-07-03 13:35:04,2014-07-09 15:00:05,2014-09-28 09:32:06,NA,2014-03-13 19:03:08,8,0,0,0,0,1,1"
"1846283,2013-11-21,2014-06-20 10:18:00,2014-05-19 19:40:01,2014-06-20 10:11:02,2014-06-23 10:58:03,2014-07-03 13:35:04,2014-07-09 15:00:05,2014-09-28 09:32:06,NA,2014-03-13 19:03:08,8,0,0,0,0,3,3"
"1846283,2013-11-21,2014-06-20 10:18:00,2014-05-19 19:40:01,2014-06-20 10:11:02,2014-06-23 10:58:03,2014-07-03 13:35:04,2014-07-09 15:00:05,2014-09-28 09:32:06,NA,2014-03-13 19:03:08,8,0,0,0,0,10,2"
"1864063,2013-04-13,NA,NA,NA,NA,NA,NA,NA,NA,2014-05-18 15:23:08,1,0,0,0,0,1,1"
"1864063,2013-04-13,NA,NA,NA,NA,NA,NA,NA,NA,2014-05-18 15:23:08,1,0,0,0,0,10,2"
"1896033,2013-10-04,2014-10-25 20:39:00,2014-10-27 17:46:01,NA,NA,NA,NA,NA,NA,2014-10-04 20:27:08,3,0,0,0,0,1,1"
"1896033,2013-10-04,2014-10-25 20:39:00,2014-10-27 17:46:01,NA,NA,NA,NA,NA,NA,2014-10-04 20:27:08,3,0,0,0,0,2,3"
"1896033,2013-10-04,2014-10-25 20:39:00,2014-10-27 17:46:01,NA,NA,NA,NA,NA,NA,2014-10-04 20:27:08,3,0,0,0,0,10,2"
"1911598,2013-09-03,2014-05-17 13:09:00,NA,NA,NA,NA,NA,NA,NA,2014-04-23 14:25:08,2,0,0,0,0,1,1"
"1911598,2013-09-03,2014-05-17 13:09:00,NA,NA,NA,NA,NA,NA,NA,2014-04-23 14:25:08,2,0,0,0,0,2,3"
"1911598,2013-09-03,2014-05-17 13:09:00,NA,NA,NA,NA,NA,NA,NA,2014-04-23 14:25:08,2,0,0,0,0,10,2"
"1911740,2013-03-26,2014-03-24 22:09:00,NA,NA,NA,NA,NA,NA,NA,2014-03-24 22:08:08,2,0,0,0,0,1,1"
"1911740,2013-03-26,2014-03-24 22:09:00,NA,NA,NA,NA,NA,NA,NA,2014-03-24 22:08:08,2,0,0,0,0,2,3"
"1911740,2013-03-26,2014-03-24 22:09:00,NA,NA,NA,NA,NA,NA,NA,2014-03-24 22:08:08,2,0,0,0,0,10,2"
"1920770,2013-03-30,NA,NA,NA,NA,NA,NA,NA,NA,2014-01-27 02:10:08,1,0,0,0,0,1,1"
"1920770,2013-03-30,NA,NA,NA,NA,NA,NA,NA,NA,2014-01-27 02:10:08,1,0,0,0,0,10,2"
"1925023,2013-09-22,2014-03-20 11:11:00,2014-03-20 14:32:01,NA,NA,NA,NA,NA,NA,2014-02-06 11:22:08,3,0,0,0,0,1,1"
"1925023,2013-09-22,2014-03-20 11:11:00,2014-03-20 14:32:01,NA,NA,NA,NA,NA,NA,2014-02-06 11:22:08,3,0,0,0,0,2,3"
"1925023,2013-09-22,2014-03-20 11:11:00,2014-03-20 14:32:01,NA,NA,NA,NA,NA,NA,2014-02-06 11:22:08,3,0,0,0,0,10,2"
"1931775,2014-03-17,2014-07-22 13:23:00,2014-08-23 13:34:01,2014-08-28 00:55:02,NA,NA,NA,NA,NA,2014-07-21 23:29:08,4,0,0,0,0,1,1"
"1931775,2014-03-17,2014-07-22 13:23:00,2014-08-23 13:34:01,2014-08-28 00:55:02,NA,NA,NA,NA,NA,2014-07-21 23:29:08,4,0,0,0,0,2,3"
"1931775,2014-03-17,2014-07-22 13:23:00,2014-08-23 13:34:01,2014-08-28 00:55:02,NA,NA,NA,NA,NA,2014-07-21 23:29:08,4,0,0,0,0,10,2"
"1933493,2013-03-31,2014-03-06 12:50:00,2014-03-14 14:34:01,NA,NA,NA,NA,NA,NA,2014-01-26 16:27:08,3,0,0,0,0,1,1"
"1933493,2013-03-31,2014-03-06 12:50:00,2014-03-14 14:34:01,NA,NA,NA,NA,NA,NA,2014-01-26 16:27:08,3,0,0,0,0,2,3"
"1933493,2013-03-31,2014-03-06 12:50:00,2014-03-14 14:34:01,NA,NA,NA,NA,NA,NA,2014-01-26 16:27:08,3,0,0,0,0,10,2"
"1933565,2013-03-30,2014-06-13 18:50:00,2014-06-22 15:29:01,2014-06-16 20:57:02,NA,NA,NA,NA,NA,2014-06-12 20:40:08,4,0,0,0,0,1,1"
"1933565,2013-03-30,2014-06-13 18:50:00,2014-06-22 15:29:01,2014-06-16 20:57:02,NA,NA,NA,NA,NA,2014-06-12 20:40:08,4,0,0,0,0,2,3"
"1933565,2013-03-30,2014-06-13 18:50:00,2014-06-22 15:29:01,2014-06-16 20:57:02,NA,NA,NA,NA,NA,2014-06-12 20:40:08,4,0,0,0,0,10,2"
"1938417,2013-03-31,2014-08-07 22:54:00,2014-08-07 17:38:01,2014-08-10 04:49:02,2014-08-13 01:16:03,NA,NA,NA,NA,2014-08-02 15:51:08,5,0,0,0,0,1,1"
"1938417,2013-03-31,2014-08-07 22:54:00,2014-08-07 17:38:01,2014-08-10 04:49:02,2014-08-13 01:16:03,NA,NA,NA,NA,2014-08-02 15:51:08,5,0,0,0,0,3,3"
"1938417,2013-03-31,2014-08-07 22:54:00,2014-08-07 17:38:01,2014-08-10 04:49:02,2014-08-13 01:16:03,NA,NA,NA,NA,2014-08-02 15:51:08,5,0,0,0,0,10,2"
"1953620,2013-04-05,2014-07-01 04:32:00,2014-12-11 05:29:01,2014-12-25 07:08:02,NA,NA,NA,NA,NA,2014-06-26 06:11:08,4,0,0,0,0,1,1"
"1953620,2013-04-05,2014-07-01 04:32:00,2014-12-11 05:29:01,2014-12-25 07:08:02,NA,NA,NA,NA,NA,2014-06-26 06:11:08,4,0,0,0,0,2,3"
"1953620,2013-04-05,2014-07-01 04:32:00,2014-12-11 05:29:01,2014-12-25 07:08:02,NA,NA,NA,NA,NA,2014-06-26 06:11:08,4,0,0,0,0,10,2"
"1955534,2013-11-24,2014-03-27 20:02:00,NA,NA,NA,NA,NA,NA,NA,2014-03-27 20:00:08,2,0,0,0,0,1,1"
"1955534,2013-11-24,2014-03-27 20:02:00,NA,NA,NA,NA,NA,NA,NA,2014-03-27 20:00:08,2,0,0,0,0,2,3"
"1955534,2013-11-24,2014-03-27 20:02:00,NA,NA,NA,NA,NA,NA,NA,2014-03-27 20:00:08,2,0,0,0,0,10,2"
"1975730,2013-04-10,2014-03-24 12:16:00,2014-09-04 12:36:01,2014-09-08 12:33:02,2014-12-12 09:41:03,2014-10-16 17:01:04,2014-10-27 11:51:05,2014-11-18 13:43:06,2014-12-12 09:45:07,2014-03-13 13:16:08,9,9,1,1,1,1,1"
"1975730,2013-04-10,2014-03-24 12:16:00,2014-09-04 12:36:01,2014-09-08 12:33:02,2014-12-12 09:41:03,2014-10-16 17:01:04,2014-10-27 11:51:05,2014-11-18 13:43:06,2014-12-12 09:45:07,2014-03-13 13:16:08,9,9,1,1,1,2,3"
"1975730,2013-04-10,2014-03-24 12:16:00,2014-09-04 12:36:01,2014-09-08 12:33:02,2014-12-12 09:41:03,2014-10-16 17:01:04,2014-10-27 11:51:05,2014-11-18 13:43:06,2014-12-12 09:45:07,2014-03-13 13:16:08,9,9,1,1,1,10,2"
"1977074,2013-09-24,2014-01-23 04:10:00,2014-02-21 05:39:01,2014-04-12 12:28:02,NA,NA,NA,NA,NA,2014-04-12 12:26:08,4,0,0,0,0,1,1"
"1977074,2013-09-24,2014-01-23 04:10:00,2014-02-21 05:39:01,2014-04-12 12:28:02,NA,NA,NA,NA,NA,2014-04-12 12:26:08,4,0,0,0,0,2,2"
"1977074,2013-09-24,2014-01-23 04:10:00,2014-02-21 05:39:01,2014-04-12 12:28:02,NA,NA,NA,NA,NA,2014-04-12 12:26:08,4,0,0,0,0,3,3"
"2002593,2013-07-01,2014-08-06 09:14:00,2014-08-13 15:53:01,NA,NA,NA,NA,NA,NA,2014-07-29 17:15:08,3,0,0,0,0,1,1"
"2002593,2013-07-01,2014-08-06 09:14:00,2014-08-13 15:53:01,NA,NA,NA,NA,NA,NA,2014-07-29 17:15:08,3,0,0,0,0,2,3"
"2002593,2013-07-01,2014-08-06 09:14:00,2014-08-13 15:53:01,NA,NA,NA,NA,NA,NA,2014-07-29 17:15:08,3,0,0,0,0,10,2"
"2012720,2013-07-14,2014-02-21 01:02:00,2014-06-15 14:15:01,2014-10-25 21:02:02,NA,NA,NA,NA,NA,2014-02-19 13:41:08,4,0,0,0,0,1,1"
"2012720,2013-07-14,2014-02-21 01:02:00,2014-06-15 14:15:01,2014-10-25 21:02:02,NA,NA,NA,NA,NA,2014-02-19 13:41:08,4,0,0,0,0,2,3"
"2012720,2013-07-14,2014-02-21 01:02:00,2014-06-15 14:15:01,2014-10-25 21:02:02,NA,NA,NA,NA,NA,2014-02-19 13:41:08,4,0,0,0,0,10,2"
"2013510,2013-04-16,NA,NA,NA,NA,NA,NA,NA,NA,2014-05-26 21:16:08,1,0,0,0,0,1,1"
"2013510,2013-04-16,NA,NA,NA,NA,NA,NA,NA,NA,2014-05-26 21:16:08,1,0,0,0,0,10,2"
"2020144,2013-08-16,2014-03-07 15:53:00,NA,NA,NA,NA,NA,NA,NA,2014-02-21 21:24:08,2,0,0,0,0,1,1"
"2020144,2013-08-16,2014-03-07 15:53:00,NA,NA,NA,NA,NA,NA,NA,2014-02-21 21:24:08,2,0,0,0,0,2,3"
"2020144,2013-08-16,2014-03-07 15:53:00,NA,NA,NA,NA,NA,NA,NA,2014-02-21 21:24:08,2,0,0,0,0,10,2"
"2033585,2014-04-18,2014-09-22 13:53:00,NA,NA,NA,NA,NA,NA,NA,2014-08-27 22:46:08,2,0,0,0,0,1,1"
"2033585,2014-04-18,2014-09-22 13:53:00,NA,NA,NA,NA,NA,NA,NA,2014-08-27 22:46:08,2,0,0,0,0,2,3"
"2033585,2014-04-18,2014-09-22 13:53:00,NA,NA,NA,NA,NA,NA,NA,2014-08-27 22:46:08,2,0,0,0,0,10,2"
"2041366,2013-04-21,2014-05-26 09:45:00,2014-06-14 14:22:01,NA,NA,NA,NA,NA,NA,2014-02-25 13:40:08,3,0,0,0,0,1,1"
"2041366,2013-04-21,2014-05-26 09:45:00,2014-06-14 14:22:01,NA,NA,NA,NA,NA,NA,2014-02-25 13:40:08,3,0,0,0,0,2,3"
"2041366,2013-04-21,2014-05-26 09:45:00,2014-06-14 14:22:01,NA,NA,NA,NA,NA,NA,2014-02-25 13:40:08,3,0,0,0,0,10,2"
"2044272,2013-04-19,2015-01-01 10:41:00,2015-01-01 10:30:01,2014-06-21 07:27:02,2015-01-01 02:14:03,2014-12-31 13:47:04,2015-01-01 10:39:05,2014-12-31 09:34:06,NA,2014-12-31 09:38:08,8,0,1,1,1,1,1"
"2044272,2013-04-19,2015-01-01 10:41:00,2015-01-01 10:30:01,2014-06-21 07:27:02,2015-01-01 02:14:03,2014-12-31 13:47:04,2015-01-01 10:39:05,2014-12-31 09:34:06,NA,2014-12-31 09:38:08,8,0,1,1,1,4,2"
"2044272,2013-04-19,2015-01-01 10:41:00,2015-01-01 10:30:01,2014-06-21 07:27:02,2015-01-01 02:14:03,2014-12-31 13:47:04,2015-01-01 10:39:05,2014-12-31 09:34:06,NA,2014-12-31 09:38:08,8,0,1,1,1,8,3"
"2051150,2013-04-20,2014-02-05 09:26:00,2014-02-26 09:54:01,2014-03-27 10:40:02,2014-04-25 09:05:03,2014-05-29 09:52:04,2014-07-12 10:38:05,2014-09-02 10:13:06,NA,2014-02-26 09:51:08,8,0,1,1,1,1,1"
"2051150,2013-04-20,2014-02-05 09:26:00,2014-02-26 09:54:01,2014-03-27 10:40:02,2014-04-25 09:05:03,2014-05-29 09:52:04,2014-07-12 10:38:05,2014-09-02 10:13:06,NA,2014-02-26 09:51:08,8,0,1,1,1,2,2"
"2051150,2013-04-20,2014-02-05 09:26:00,2014-02-26 09:54:01,2014-03-27 10:40:02,2014-04-25 09:05:03,2014-05-29 09:52:04,2014-07-12 10:38:05,2014-09-02 10:13:06,NA,2014-02-26 09:51:08,8,0,1,1,1,10,3"
"2053802,2013-04-20,2014-05-03 16:21:00,2014-05-03 16:23:01,NA,NA,NA,NA,NA,NA,2014-04-25 20:02:08,3,0,0,0,0,1,1"
"2053802,2013-04-20,2014-05-03 16:21:00,2014-05-03 16:23:01,NA,NA,NA,NA,NA,NA,2014-04-25 20:02:08,3,0,0,0,0,2,3"
"2053802,2013-04-20,2014-05-03 16:21:00,2014-05-03 16:23:01,NA,NA,NA,NA,NA,NA,2014-04-25 20:02:08,3,0,0,0,0,10,2"
"2080377,2013-07-10,NA,2014-03-12 20:17:01,NA,NA,NA,NA,NA,NA,2014-02-18 00:15:08,2,0,0,0,0,1,1"
"2080377,2013-07-10,NA,2014-03-12 20:17:01,NA,NA,NA,NA,NA,NA,2014-02-18 00:15:08,2,0,0,0,0,3,3"
"2080377,2013-07-10,NA,2014-03-12 20:17:01,NA,NA,NA,NA,NA,NA,2014-02-18 00:15:08,2,0,0,0,0,10,2"
"2080668,2013-11-18,NA,NA,NA,NA,NA,NA,NA,NA,2014-07-27 22:28:08,1,0,0,0,0,1,1"
"2080668,2013-11-18,NA,NA,NA,NA,NA,NA,NA,NA,2014-07-27 22:28:08,1,0,0,0,0,10,2"
"2107503,2013-04-29,2014-02-04 00:52:00,2014-01-28 18:46:01,2014-02-13 00:56:02,2014-02-19 16:28:03,2014-02-24 20:23:04,2014-03-03 22:10:05,2014-03-07 17:11:06,NA,2014-01-23 17:34:08,8,0,0,0,0,1,1"
"2107503,2013-04-29,2014-02-04 00:52:00,2014-01-28 18:46:01,2014-02-13 00:56:02,2014-02-19 16:28:03,2014-02-24 20:23:04,2014-03-03 22:10:05,2014-03-07 17:11:06,NA,2014-01-23 17:34:08,8,0,0,0,0,3,3"
"2107503,2013-04-29,2014-02-04 00:52:00,2014-01-28 18:46:01,2014-02-13 00:56:02,2014-02-19 16:28:03,2014-02-24 20:23:04,2014-03-03 22:10:05,2014-03-07 17:11:06,NA,2014-01-23 17:34:08,8,0,0,0,0,10,2"
"2115796,2013-04-30,NA,NA,NA,NA,NA,NA,NA,NA,2014-01-23 08:04:08,1,0,0,0,0,1,1"
"2115796,2013-04-30,NA,NA,NA,NA,NA,NA,NA,NA,2014-01-23 08:04:08,1,0,0,0,0,10,2"
"2122426,2013-09-23,NA,NA,NA,NA,NA,NA,NA,NA,2014-01-25 12:24:08,1,0,0,0,0,1,1"
"2122426,2013-09-23,NA,NA,NA,NA,NA,NA,NA,NA,2014-01-25 12:24:08,1,0,0,0,0,10,2"
"2138311,2013-05-05,NA,NA,NA,NA,NA,NA,NA,NA,2014-10-08 20:26:08,1,0,0,0,0,1,1"
"2138311,2013-05-05,NA,NA,NA,NA,NA,NA,NA,NA,2014-10-08 20:26:08,1,0,0,0,0,10,2"
"2143004,2013-07-16,NA,NA,NA,NA,NA,NA,NA,NA,2014-07-25 15:47:08,1,0,0,0,0,1,1"
"2143004,2013-07-16,NA,NA,NA,NA,NA,NA,NA,NA,2014-07-25 15:47:08,1,0,0,0,0,10,2"
"2147552,2014-01-21,NA,NA,NA,NA,NA,NA,NA,NA,2014-06-02 04:00:08,1,0,0,0,0,1,1"
"2147552,2014-01-21,NA,NA,NA,NA,NA,NA,NA,NA,2014-06-02 04:00:08,1,0,0,0,0,10,2"
"2150969,2013-05-27,2014-07-27 03:07:00,2014-05-02 09:07:01,2014-07-27 05:16:02,2014-07-29 10:36:03,2014-08-31 10:11:04,2014-09-06 15:25:05,NA,NA,2014-05-01 05:22:08,7,0,0,0,0,1,1"
"2150969,2013-05-27,2014-07-27 03:07:00,2014-05-02 09:07:01,2014-07-27 05:16:02,2014-07-29 10:36:03,2014-08-31 10:11:04,2014-09-06 15:25:05,NA,NA,2014-05-01 05:22:08,7,0,0,0,0,3,3"
"2150969,2013-05-27,2014-07-27 03:07:00,2014-05-02 09:07:01,2014-07-27 05:16:02,2014-07-29 10:36:03,2014-08-31 10:11:04,2014-09-06 15:25:05,NA,NA,2014-05-01 05:22:08,7,0,0,0,0,10,2"
"2151652,2013-11-09,2014-02-19 01:07:00,2014-02-25 20:42:01,NA,NA,NA,NA,NA,NA,2014-02-18 22:11:08,3,0,0,0,0,1,1"
"2151652,2013-11-09,2014-02-19 01:07:00,2014-02-25 20:42:01,NA,NA,NA,NA,NA,NA,2014-02-18 22:11:08,3,0,0,0,0,2,3"
"2151652,2013-11-09,2014-02-19 01:07:00,2014-02-25 20:42:01,NA,NA,NA,NA,NA,NA,2014-02-18 22:11:08,3,0,0,0,0,10,2"
"2163722,2014-02-11,2014-08-04 01:38:00,2014-08-04 01:25:01,NA,NA,NA,NA,NA,NA,2014-07-29 01:37:08,3,0,0,0,0,1,1"
"2163722,2014-02-11,2014-08-04 01:38:00,2014-08-04 01:25:01,NA,NA,NA,NA,NA,NA,2014-07-29 01:37:08,3,0,0,0,0,3,3"
"2163722,2014-02-11,2014-08-04 01:38:00,2014-08-04 01:25:01,NA,NA,NA,NA,NA,NA,2014-07-29 01:37:08,3,0,0,0,0,10,2"
"2164379,2013-12-14,2014-08-10 05:01:00,2014-09-19 16:16:01,2014-11-29 17:47:02,2014-12-28 17:45:03,NA,NA,NA,NA,2014-08-10 04:59:08,5,0,0,0,0,1,1"
"2164379,2013-12-14,2014-08-10 05:01:00,2014-09-19 16:16:01,2014-11-29 17:47:02,2014-12-28 17:45:03,NA,NA,NA,NA,2014-08-10 04:59:08,5,0,0,0,0,2,3"
"2164379,2013-12-14,2014-08-10 05:01:00,2014-09-19 16:16:01,2014-11-29 17:47:02,2014-12-28 17:45:03,NA,NA,NA,NA,2014-08-10 04:59:08,5,0,0,0,0,10,2"
"2184408,2013-05-26,NA,NA,NA,NA,NA,NA,NA,NA,2014-01-28 13:24:08,1,0,0,0,0,1,1"
"2184408,2013-05-26,NA,NA,NA,NA,NA,NA,NA,NA,2014-01-28 13:24:08,1,0,0,0,0,10,2"
"2188364,2014-03-03,2014-07-16 05:51:00,2014-07-20 19:06:01,2014-12-23 10:00:02,2014-12-24 17:21:03,2014-12-28 20:08:04,2014-12-31 15:38:05,NA,NA,2014-12-23 08:46:08,7,0,0,0,0,1,1"
"2188364,2014-03-03,2014-07-16 05:51:00,2014-07-20 19:06:01,2014-12-23 10:00:02,2014-12-24 17:21:03,2014-12-28 20:08:04,2014-12-31 15:38:05,NA,NA,2014-12-23 08:46:08,7,0,0,0,0,2,2"
"2188364,2014-03-03,2014-07-16 05:51:00,2014-07-20 19:06:01,2014-12-23 10:00:02,2014-12-24 17:21:03,2014-12-28 20:08:04,2014-12-31 15:38:05,NA,NA,2014-12-23 08:46:08,7,0,0,0,0,3,3"
"2192029,2013-08-29,2014-02-03 20:05:00,2014-02-16 15:55:01,2014-03-24 00:09:02,2014-04-13 13:24:03,2014-12-10 23:01:04,NA,2014-12-27 16:14:06,2014-12-31 23:29:07,2014-02-03 18:23:08,8,0,0,0,0,1,1"
"2192029,2013-08-29,2014-02-03 20:05:00,2014-02-16 15:55:01,2014-03-24 00:09:02,2014-04-13 13:24:03,2014-12-10 23:01:04,NA,2014-12-27 16:14:06,2014-12-31 23:29:07,2014-02-03 18:23:08,8,0,0,0,0,2,3"
"2192029,2013-08-29,2014-02-03 20:05:00,2014-02-16 15:55:01,2014-03-24 00:09:02,2014-04-13 13:24:03,2014-12-10 23:01:04,NA,2014-12-27 16:14:06,2014-12-31 23:29:07,2014-02-03 18:23:08,8,0,0,0,0,10,2"
"2200324,2013-05-19,2014-10-07 13:27:00,2014-10-07 13:29:01,2014-09-29 01:20:02,2014-10-07 13:21:03,NA,NA,NA,NA,2014-09-07 01:15:08,5,0,0,0,0,1,1"
"2200324,2013-05-19,2014-10-07 13:27:00,2014-10-07 13:29:01,2014-09-29 01:20:02,2014-10-07 13:21:03,NA,NA,NA,NA,2014-09-07 01:15:08,5,0,0,0,0,4,3"
"2200324,2013-05-19,2014-10-07 13:27:00,2014-10-07 13:29:01,2014-09-29 01:20:02,2014-10-07 13:21:03,NA,NA,NA,NA,2014-09-07 01:15:08,5,0,0,0,0,10,2"
"2208663,2013-05-20,2014-02-24 18:15:00,NA,NA,NA,NA,NA,NA,NA,2014-02-10 23:42:08,2,0,0,0,0,1,1"
"2208663,2013-05-20,2014-02-24 18:15:00,NA,NA,NA,NA,NA,NA,NA,2014-02-10 23:42:08,2,0,0,0,0,2,3"
"2208663,2013-05-20,2014-02-24 18:15:00,NA,NA,NA,NA,NA,NA,NA,2014-02-10 23:42:08,2,0,0,0,0,10,2"
"2211612,2013-05-20,2014-01-21 15:47:00,2014-02-20 14:39:01,NA,NA,NA,NA,NA,NA,2014-01-21 15:39:08,3,0,0,0,0,1,1"
"2211612,2013-05-20,2014-01-21 15:47:00,2014-02-20 14:39:01,NA,NA,NA,NA,NA,NA,2014-01-21 15:39:08,3,0,0,0,0,2,3"
"2211612,2013-05-20,2014-01-21 15:47:00,2014-02-20 14:39:01,NA,NA,NA,NA,NA,NA,2014-01-21 15:39:08,3,0,0,0,0,10,2"
